title,playlist,n_words,arousal,dominance,valence,negative,positive,surprise,trust,fear,disgust,anger,joy,anticipation,sadness,u_n_words,u_arousal,u_dominance,u_valence,u_negative,u_positive,u_surprise,u_trust,u_fear,u_disgust,u_anger,u_joy,u_anticipation,u_sadness,s_n_words,s_arousal,s_dominance,s_valence,s_negative,s_positive,s_surprise,s_trust,s_fear,s_disgust,s_anger,s_joy,s_anticipation,s_sadness,surprise_ratio,trust_ratio,fear_ratio,disgust_ratio,anger_ratio,joy_ratio,anticipation_ratio,sadness_ratio,sentiment,artist,wheel_playlist
American Idiot,teen_angst,200,0.4999354838709678,0.49687096774193545,0.5738709677419356,10,4,0,7,6,6,3,4,4,1,70,0.4999354838709677,0.49687096774193545,0.5738709677419355,5,2,0,4,3,2,1,2,2,1,44,0.5125,0.49496428571428563,0.563857142857143,5,2,0,4,3,2,1,2,2,1,0.0,0.22580645161290322,0.1935483870967742,0.1935483870967742,0.0967741935483871,0.12903225806451613,0.12903225806451613,0.03225806451612903,-0.12,Green Day,trust
American Idiot,teen_angst,200,0.4999354838709678,0.49687096774193545,0.5738709677419356,10,4,0,7,6,6,3,4,4,1,70,0.4999354838709677,0.49687096774193545,0.5738709677419355,5,2,0,4,3,2,1,2,2,1,44,0.5125,0.49496428571428563,0.563857142857143,5,2,0,4,3,2,1,2,2,1,0.0,0.22580645161290322,0.1935483870967742,0.1935483870967742,0.0967741935483871,0.12903225806451613,0.12903225806451613,0.03225806451612903,-0.12,Green Day,disgust
American Idiot,teen_angst,200,0.4999354838709678,0.49687096774193545,0.5738709677419356,10,4,0,7,6,6,3,4,4,1,70,0.4999354838709677,0.49687096774193545,0.5738709677419355,5,2,0,4,3,2,1,2,2,1,44,0.5125,0.49496428571428563,0.563857142857143,5,2,0,4,3,2,1,2,2,1,0.0,0.22580645161290322,0.1935483870967742,0.1935483870967742,0.0967741935483871,0.12903225806451613,0.12903225806451613,0.03225806451612903,-0.12,Green Day,joy
American Idiot,teen_angst,200,0.4999354838709678,0.49687096774193545,0.5738709677419356,10,4,0,7,6,6,3,4,4,1,70,0.4999354838709677,0.49687096774193545,0.5738709677419355,5,2,0,4,3,2,1,2,2,1,44,0.5125,0.49496428571428563,0.563857142857143,5,2,0,4,3,2,1,2,2,1,0.0,0.22580645161290322,0.1935483870967742,0.1935483870967742,0.0967741935483871,0.12903225806451613,0.12903225806451613,0.03225806451612903,-0.12,Green Day,fear
Animal,teen_angst,159,0.41231818181818175,0.5300454545454545,0.6514090909090908,3,3,0,0,0,1,0,2,0,0,47,0.4123181818181818,0.5300454545454546,0.6514090909090909,2,2,0,0,0,1,0,1,0,0,24,0.4158888888888889,0.5135000000000001,0.6408888888888887,2,2,0,0,0,1,0,1,0,0,0.0,0.0,0.0,0.3333333333333333,0.0,0.6666666666666666,0.0,0.0,0.0,Sir Chloe,joy
Animal,teen_angst,159,0.41231818181818175,0.5300454545454545,0.6514090909090908,3,3,0,0,0,1,0,2,0,0,47,0.4123181818181818,0.5300454545454546,0.6514090909090909,2,2,0,0,0,1,0,1,0,0,24,0.4158888888888889,0.5135000000000001,0.6408888888888887,2,2,0,0,0,1,0,1,0,0,0.0,0.0,0.0,0.3333333333333333,0.0,0.6666666666666666,0.0,0.0,0.0,Sir Chloe,disgust
Beachboy,teen_angst,490,0.4545074626865672,0.5043880597014926,0.5862089552238806,22,23,13,21,18,6,20,19,13,13,147,0.45450746268656733,0.5043880597014925,0.5862089552238805,8,9,5,8,8,2,6,6,7,6,94,0.45820634920634945,0.498031746031746,0.579063492063492,8,9,5,8,8,2,6,6,7,6,0.10569105691056911,0.17073170731707318,0.14634146341463414,0.04878048780487805,0.16260162601626016,0.15447154471544716,0.10569105691056911,0.10569105691056911,0.00816326530612245,McCafferty,surprise
Beachboy,teen_angst,490,0.4545074626865672,0.5043880597014926,0.5862089552238806,22,23,13,21,18,6,20,19,13,13,147,0.45450746268656733,0.5043880597014925,0.5862089552238805,8,9,5,8,8,2,6,6,7,6,94,0.45820634920634945,0.498031746031746,0.579063492063492,8,9,5,8,8,2,6,6,7,6,0.10569105691056911,0.17073170731707318,0.14634146341463414,0.04878048780487805,0.16260162601626016,0.15447154471544716,0.10569105691056911,0.10569105691056911,0.00816326530612245,McCafferty,trust
Beachboy,teen_angst,490,0.4545074626865672,0.5043880597014926,0.5862089552238806,22,23,13,21,18,6,20,19,13,13,147,0.45450746268656733,0.5043880597014925,0.5862089552238805,8,9,5,8,8,2,6,6,7,6,94,0.45820634920634945,0.498031746031746,0.579063492063492,8,9,5,8,8,2,6,6,7,6,0.10569105691056911,0.17073170731707318,0.14634146341463414,0.04878048780487805,0.16260162601626016,0.15447154471544716,0.10569105691056911,0.10569105691056911,0.00816326530612245,McCafferty,anger
Beachboy,teen_angst,490,0.4545074626865672,0.5043880597014926,0.5862089552238806,22,23,13,21,18,6,20,19,13,13,147,0.45450746268656733,0.5043880597014925,0.5862089552238805,8,9,5,8,8,2,6,6,7,6,94,0.45820634920634945,0.498031746031746,0.579063492063492,8,9,5,8,8,2,6,6,7,6,0.10569105691056911,0.17073170731707318,0.14634146341463414,0.04878048780487805,0.16260162601626016,0.15447154471544716,0.10569105691056911,0.10569105691056911,0.00816326530612245,McCafferty,joy
Better Than Me,teen_angst,175,0.473090909090909,0.5001212121212121,0.5924545454545456,5,3,2,5,1,3,3,3,3,1,84,0.47309090909090906,0.5001212121212121,0.5924545454545456,5,2,1,3,1,3,3,2,2,1,48,0.47543333333333326,0.4982666666666667,0.5877,5,2,1,3,1,3,3,2,2,1,0.09523809523809523,0.23809523809523808,0.047619047619047616,0.14285714285714285,0.14285714285714285,0.14285714285714285,0.14285714285714285,0.047619047619047616,-0.045714285714285714,The Brobecks,surprise
Better Than Me,teen_angst,175,0.473090909090909,0.5001212121212121,0.5924545454545456,5,3,2,5,1,3,3,3,3,1,84,0.47309090909090906,0.5001212121212121,0.5924545454545456,5,2,1,3,1,3,3,2,2,1,48,0.47543333333333326,0.4982666666666667,0.5877,5,2,1,3,1,3,3,2,2,1,0.09523809523809523,0.23809523809523808,0.047619047619047616,0.14285714285714285,0.14285714285714285,0.14285714285714285,0.14285714285714285,0.047619047619047616,-0.045714285714285714,The Brobecks,trust
Better Than Me,teen_angst,175,0.473090909090909,0.5001212121212121,0.5924545454545456,5,3,2,5,1,3,3,3,3,1,84,0.47309090909090906,0.5001212121212121,0.5924545454545456,5,2,1,3,1,3,3,2,2,1,48,0.47543333333333326,0.4982666666666667,0.5877,5,2,1,3,1,3,3,2,2,1,0.09523809523809523,0.23809523809523808,0.047619047619047616,0.14285714285714285,0.14285714285714285,0.14285714285714285,0.14285714285714285,0.047619047619047616,-0.045714285714285714,The Brobecks,disgust
Better Than Me,teen_angst,175,0.473090909090909,0.5001212121212121,0.5924545454545456,5,3,2,5,1,3,3,3,3,1,84,0.47309090909090906,0.5001212121212121,0.5924545454545456,5,2,1,3,1,3,3,2,2,1,48,0.47543333333333326,0.4982666666666667,0.5877,5,2,1,3,1,3,3,2,2,1,0.09523809523809523,0.23809523809523808,0.047619047619047616,0.14285714285714285,0.14285714285714285,0.14285714285714285,0.14285714285714285,0.047619047619047616,-0.045714285714285714,The Brobecks,anger
Better Than Me,teen_angst,175,0.473090909090909,0.5001212121212121,0.5924545454545456,5,3,2,5,1,3,3,3,3,1,84,0.47309090909090906,0.5001212121212121,0.5924545454545456,5,2,1,3,1,3,3,2,2,1,48,0.47543333333333326,0.4982666666666667,0.5877,5,2,1,3,1,3,3,2,2,1,0.09523809523809523,0.23809523809523808,0.047619047619047616,0.14285714285714285,0.14285714285714285,0.14285714285714285,0.14285714285714285,0.047619047619047616,-0.045714285714285714,The Brobecks,joy
Better Than Me,teen_angst,175,0.473090909090909,0.5001212121212121,0.5924545454545456,5,3,2,5,1,3,3,3,3,1,84,0.47309090909090906,0.5001212121212121,0.5924545454545456,5,2,1,3,1,3,3,2,2,1,48,0.47543333333333326,0.4982666666666667,0.5877,5,2,1,3,1,3,3,2,2,1,0.09523809523809523,0.23809523809523808,0.047619047619047616,0.14285714285714285,0.14285714285714285,0.14285714285714285,0.14285714285714285,0.047619047619047616,-0.045714285714285714,The Brobecks,anticipation
Don't Look At Me,teen_angst,343,0.498388888888889,0.4858333333333334,0.5113888888888889,11,0,0,0,7,0,0,0,0,4,46,0.4983888888888889,0.4858333333333334,0.5113888888888889,3,0,0,0,2,0,0,0,0,1,26,0.5215333333333334,0.4800666666666667,0.4802,3,0,0,0,2,0,0,0,0,1,0.0,0.0,0.6363636363636364,0.0,0.0,0.0,0.0,0.36363636363636365,-0.1282798833819242,POORSTACY,fear
Don't Look At Me,teen_angst,343,0.498388888888889,0.4858333333333334,0.5113888888888889,11,0,0,0,7,0,0,0,0,4,46,0.4983888888888889,0.4858333333333334,0.5113888888888889,3,0,0,0,2,0,0,0,0,1,26,0.5215333333333334,0.4800666666666667,0.4802,3,0,0,0,2,0,0,0,0,1,0.0,0.0,0.6363636363636364,0.0,0.0,0.0,0.0,0.36363636363636365,-0.1282798833819242,POORSTACY,sadness
F.U.,teen_angst,303,0.4604749999999999,0.5017,0.555925,14,7,10,4,9,7,13,4,10,5,81,0.460475,0.5017,0.555925,7,3,4,2,3,3,5,2,3,2,51,0.4608378378378379,0.4964864864864865,0.5507027027027027,7,3,4,2,3,3,5,2,3,2,0.16129032258064516,0.06451612903225806,0.14516129032258066,0.11290322580645161,0.20967741935483872,0.06451612903225806,0.16129032258064516,0.08064516129032258,-0.0924092409240924,Avril Lavigne,disgust
F.U.,teen_angst,303,0.4604749999999999,0.5017,0.555925,14,7,10,4,9,7,13,4,10,5,81,0.460475,0.5017,0.555925,7,3,4,2,3,3,5,2,3,2,51,0.4608378378378379,0.4964864864864865,0.5507027027027027,7,3,4,2,3,3,5,2,3,2,0.16129032258064516,0.06451612903225806,0.14516129032258066,0.11290322580645161,0.20967741935483872,0.06451612903225806,0.16129032258064516,0.08064516129032258,-0.0924092409240924,Avril Lavigne,anger
F.U.,teen_angst,303,0.4604749999999999,0.5017,0.555925,14,7,10,4,9,7,13,4,10,5,81,0.460475,0.5017,0.555925,7,3,4,2,3,3,5,2,3,2,51,0.4608378378378379,0.4964864864864865,0.5507027027027027,7,3,4,2,3,3,5,2,3,2,0.16129032258064516,0.06451612903225806,0.14516129032258066,0.11290322580645161,0.20967741935483872,0.06451612903225806,0.16129032258064516,0.08064516129032258,-0.0924092409240924,Avril Lavigne,surprise
F.U.,teen_angst,303,0.4604749999999999,0.5017,0.555925,14,7,10,4,9,7,13,4,10,5,81,0.460475,0.5017,0.555925,7,3,4,2,3,3,5,2,3,2,51,0.4608378378378379,0.4964864864864865,0.5507027027027027,7,3,4,2,3,3,5,2,3,2,0.16129032258064516,0.06451612903225806,0.14516129032258066,0.11290322580645161,0.20967741935483872,0.06451612903225806,0.16129032258064516,0.08064516129032258,-0.0924092409240924,Avril Lavigne,anticipation
Future Me Hates Me,teen_angst,405,0.5157441860465117,0.45381395348837206,0.4780697674418606,42,3,1,2,22,13,14,2,5,28,109,0.5157441860465117,0.45381395348837217,0.4780697674418604,14,3,1,2,8,2,3,2,3,10,69,0.5269230769230769,0.453,0.46820512820512816,14,3,1,2,8,2,3,2,3,10,0.011494252873563218,0.022988505747126436,0.25287356321839083,0.14942528735632185,0.16091954022988506,0.022988505747126436,0.05747126436781609,0.3218390804597701,-0.3851851851851852,The Beths,fear
Future Me Hates Me,teen_angst,405,0.5157441860465117,0.45381395348837206,0.4780697674418606,42,3,1,2,22,13,14,2,5,28,109,0.5157441860465117,0.45381395348837217,0.4780697674418604,14,3,1,2,8,2,3,2,3,10,69,0.5269230769230769,0.453,0.46820512820512816,14,3,1,2,8,2,3,2,3,10,0.011494252873563218,0.022988505747126436,0.25287356321839083,0.14942528735632185,0.16091954022988506,0.022988505747126436,0.05747126436781609,0.3218390804597701,-0.3851851851851852,The Beths,disgust
Future Me Hates Me,teen_angst,405,0.5157441860465117,0.45381395348837206,0.4780697674418606,42,3,1,2,22,13,14,2,5,28,109,0.5157441860465117,0.45381395348837217,0.4780697674418604,14,3,1,2,8,2,3,2,3,10,69,0.5269230769230769,0.453,0.46820512820512816,14,3,1,2,8,2,3,2,3,10,0.011494252873563218,0.022988505747126436,0.25287356321839083,0.14942528735632185,0.16091954022988506,0.022988505747126436,0.05747126436781609,0.3218390804597701,-0.3851851851851852,The Beths,anger
Future Me Hates Me,teen_angst,405,0.5157441860465117,0.45381395348837206,0.4780697674418606,42,3,1,2,22,13,14,2,5,28,109,0.5157441860465117,0.45381395348837217,0.4780697674418604,14,3,1,2,8,2,3,2,3,10,69,0.5269230769230769,0.453,0.46820512820512816,14,3,1,2,8,2,3,2,3,10,0.011494252873563218,0.022988505747126436,0.25287356321839083,0.14942528735632185,0.16091954022988506,0.022988505747126436,0.05747126436781609,0.3218390804597701,-0.3851851851851852,The Beths,sadness
Harness Your Hopes - B-side,teen_angst,275,0.43766666666666665,0.5008765432098764,0.5605802469135803,12,8,4,11,6,4,5,7,10,6,158,0.43766666666666676,0.5008765432098763,0.5605802469135803,10,6,2,9,5,3,4,5,8,5,114,0.439818181818182,0.4954935064935064,0.5534025974025976,10,6,2,9,5,3,4,5,8,5,0.07547169811320754,0.20754716981132076,0.11320754716981132,0.07547169811320754,0.09433962264150944,0.1320754716981132,0.18867924528301888,0.11320754716981132,-0.05818181818181818,Pavement,sadness
Harness Your Hopes - B-side,teen_angst,275,0.43766666666666665,0.5008765432098764,0.5605802469135803,12,8,4,11,6,4,5,7,10,6,158,0.43766666666666676,0.5008765432098763,0.5605802469135803,10,6,2,9,5,3,4,5,8,5,114,0.439818181818182,0.4954935064935064,0.5534025974025976,10,6,2,9,5,3,4,5,8,5,0.07547169811320754,0.20754716981132076,0.11320754716981132,0.07547169811320754,0.09433962264150944,0.1320754716981132,0.18867924528301888,0.11320754716981132,-0.05818181818181818,Pavement,surprise
Harness Your Hopes - B-side,teen_angst,275,0.43766666666666665,0.5008765432098764,0.5605802469135803,12,8,4,11,6,4,5,7,10,6,158,0.43766666666666676,0.5008765432098763,0.5605802469135803,10,6,2,9,5,3,4,5,8,5,114,0.439818181818182,0.4954935064935064,0.5534025974025976,10,6,2,9,5,3,4,5,8,5,0.07547169811320754,0.20754716981132076,0.11320754716981132,0.07547169811320754,0.09433962264150944,0.1320754716981132,0.18867924528301888,0.11320754716981132,-0.05818181818181818,Pavement,trust
Harness Your Hopes - B-side,teen_angst,275,0.43766666666666665,0.5008765432098764,0.5605802469135803,12,8,4,11,6,4,5,7,10,6,158,0.43766666666666676,0.5008765432098763,0.5605802469135803,10,6,2,9,5,3,4,5,8,5,114,0.439818181818182,0.4954935064935064,0.5534025974025976,10,6,2,9,5,3,4,5,8,5,0.07547169811320754,0.20754716981132076,0.11320754716981132,0.07547169811320754,0.09433962264150944,0.1320754716981132,0.18867924528301888,0.11320754716981132,-0.05818181818181818,Pavement,anticipation
Harness Your Hopes - B-side,teen_angst,275,0.43766666666666665,0.5008765432098764,0.5605802469135803,12,8,4,11,6,4,5,7,10,6,158,0.43766666666666676,0.5008765432098763,0.5605802469135803,10,6,2,9,5,3,4,5,8,5,114,0.439818181818182,0.4954935064935064,0.5534025974025976,10,6,2,9,5,3,4,5,8,5,0.07547169811320754,0.20754716981132076,0.11320754716981132,0.07547169811320754,0.09433962264150944,0.1320754716981132,0.18867924528301888,0.11320754716981132,-0.05818181818181818,Pavement,joy
Hell Hounds,teen_angst,273,0.458311111111111,0.4656444444444445,0.5020000000000001,13,1,0,3,4,8,7,1,5,4,95,0.45831111111111134,0.46564444444444447,0.5020000000000001,8,1,0,3,1,4,3,1,4,1,63,0.4660769230769232,0.46012820512820507,0.4897948717948718,8,1,0,3,1,4,3,1,4,1,0.0,0.09375,0.125,0.25,0.21875,0.03125,0.15625,0.125,-0.17582417582417584,chloe moriondo,anticipation
Hell Hounds,teen_angst,273,0.458311111111111,0.4656444444444445,0.5020000000000001,13,1,0,3,4,8,7,1,5,4,95,0.45831111111111134,0.46564444444444447,0.5020000000000001,8,1,0,3,1,4,3,1,4,1,63,0.4660769230769232,0.46012820512820507,0.4897948717948718,8,1,0,3,1,4,3,1,4,1,0.0,0.09375,0.125,0.25,0.21875,0.03125,0.15625,0.125,-0.17582417582417584,chloe moriondo,sadness
Hell Hounds,teen_angst,273,0.458311111111111,0.4656444444444445,0.5020000000000001,13,1,0,3,4,8,7,1,5,4,95,0.45831111111111134,0.46564444444444447,0.5020000000000001,8,1,0,3,1,4,3,1,4,1,63,0.4660769230769232,0.46012820512820507,0.4897948717948718,8,1,0,3,1,4,3,1,4,1,0.0,0.09375,0.125,0.25,0.21875,0.03125,0.15625,0.125,-0.17582417582417584,chloe moriondo,disgust
Hell Hounds,teen_angst,273,0.458311111111111,0.4656444444444445,0.5020000000000001,13,1,0,3,4,8,7,1,5,4,95,0.45831111111111134,0.46564444444444447,0.5020000000000001,8,1,0,3,1,4,3,1,4,1,63,0.4660769230769232,0.46012820512820507,0.4897948717948718,8,1,0,3,1,4,3,1,4,1,0.0,0.09375,0.125,0.25,0.21875,0.03125,0.15625,0.125,-0.17582417582417584,chloe moriondo,anger
I Just Threw Out The Love Of My Dreams,teen_angst,218,0.39092857142857146,0.5007500000000001,0.6237857142857143,0,11,0,0,0,0,0,8,0,0,63,0.3909285714285714,0.5007500000000001,0.6237857142857143,0,2,0,0,0,0,0,1,0,0,34,0.39895833333333336,0.49912500000000004,0.6237083333333332,0,2,0,0,0,0,0,1,0,0,0.0,0.0,0.0,0.0,0.0,1.0,0.0,0.0,0.2018348623853211,Weezer,joy
I Threw Glass at My Friend's Eyes and Now I'm on Probation,teen_angst,287,0.460936170212766,0.4756170212765957,0.5421063829787233,9,2,0,2,4,6,4,1,1,6,100,0.4609361702127661,0.47561702127659594,0.5421063829787235,8,2,0,2,3,5,3,1,1,5,59,0.469404761904762,0.4711904761904763,0.5292142857142857,8,2,0,2,3,5,3,1,1,5,0.0,0.08333333333333333,0.16666666666666666,0.25,0.16666666666666666,0.041666666666666664,0.041666666666666664,0.25,-0.0975609756097561,Destroy Boys,fear
I Threw Glass at My Friend's Eyes and Now I'm on Probation,teen_angst,287,0.460936170212766,0.4756170212765957,0.5421063829787233,9,2,0,2,4,6,4,1,1,6,100,0.4609361702127661,0.47561702127659594,0.5421063829787235,8,2,0,2,3,5,3,1,1,5,59,0.469404761904762,0.4711904761904763,0.5292142857142857,8,2,0,2,3,5,3,1,1,5,0.0,0.08333333333333333,0.16666666666666666,0.25,0.16666666666666666,0.041666666666666664,0.041666666666666664,0.25,-0.0975609756097561,Destroy Boys,disgust
I Threw Glass at My Friend's Eyes and Now I'm on Probation,teen_angst,287,0.460936170212766,0.4756170212765957,0.5421063829787233,9,2,0,2,4,6,4,1,1,6,100,0.4609361702127661,0.47561702127659594,0.5421063829787235,8,2,0,2,3,5,3,1,1,5,59,0.469404761904762,0.4711904761904763,0.5292142857142857,8,2,0,2,3,5,3,1,1,5,0.0,0.08333333333333333,0.16666666666666666,0.25,0.16666666666666666,0.041666666666666664,0.041666666666666664,0.25,-0.0975609756097561,Destroy Boys,sadness
I Threw Glass at My Friend's Eyes and Now I'm on Probation,teen_angst,287,0.460936170212766,0.4756170212765957,0.5421063829787233,9,2,0,2,4,6,4,1,1,6,100,0.4609361702127661,0.47561702127659594,0.5421063829787235,8,2,0,2,3,5,3,1,1,5,59,0.469404761904762,0.4711904761904763,0.5292142857142857,8,2,0,2,3,5,3,1,1,5,0.0,0.08333333333333333,0.16666666666666666,0.25,0.16666666666666666,0.041666666666666664,0.041666666666666664,0.25,-0.0975609756097561,Destroy Boys,anger
I'm Not Okay (I Promise),teen_angst,240,0.4290000000000002,0.46587234042553194,0.581468085106383,7,5,1,8,1,0,0,3,5,2,97,0.4290000000000001,0.46587234042553194,0.5814680851063831,6,5,1,7,1,0,0,3,3,2,59,0.4344761904761905,0.4574761904761904,0.5791904761904763,6,5,1,7,1,0,0,3,3,2,0.05,0.4,0.05,0.0,0.0,0.15,0.25,0.1,-0.03333333333333333,My Chemical Romance,anticipation
I'm Not Okay (I Promise),teen_angst,240,0.4290000000000002,0.46587234042553194,0.581468085106383,7,5,1,8,1,0,0,3,5,2,97,0.4290000000000001,0.46587234042553194,0.5814680851063831,6,5,1,7,1,0,0,3,3,2,59,0.4344761904761905,0.4574761904761904,0.5791904761904763,6,5,1,7,1,0,0,3,3,2,0.05,0.4,0.05,0.0,0.0,0.15,0.25,0.1,-0.03333333333333333,My Chemical Romance,joy
I'm Not Okay (I Promise),teen_angst,240,0.4290000000000002,0.46587234042553194,0.581468085106383,7,5,1,8,1,0,0,3,5,2,97,0.4290000000000001,0.46587234042553194,0.5814680851063831,6,5,1,7,1,0,0,3,3,2,59,0.4344761904761905,0.4574761904761904,0.5791904761904763,6,5,1,7,1,0,0,3,3,2,0.05,0.4,0.05,0.0,0.0,0.15,0.25,0.1,-0.03333333333333333,My Chemical Romance,trust
King For A Day,teen_angst,485,0.4981176470588236,0.496098039215686,0.5365784313725492,27,18,8,6,18,10,9,10,12,16,186,0.49811764705882355,0.4960980392156861,0.5365784313725491,18,15,5,5,12,5,6,8,9,9,137,0.5020408163265305,0.4933673469387753,0.5326530612244899,18,15,5,5,12,5,6,8,9,9,0.0898876404494382,0.06741573033707865,0.20224719101123595,0.11235955056179775,0.10112359550561797,0.11235955056179775,0.1348314606741573,0.1797752808988764,-0.07422680412371134,Pierce The Veil,fear
King For A Day,teen_angst,485,0.4981176470588236,0.496098039215686,0.5365784313725492,27,18,8,6,18,10,9,10,12,16,186,0.49811764705882355,0.4960980392156861,0.5365784313725491,18,15,5,5,12,5,6,8,9,9,137,0.5020408163265305,0.4933673469387753,0.5326530612244899,18,15,5,5,12,5,6,8,9,9,0.0898876404494382,0.06741573033707865,0.20224719101123595,0.11235955056179775,0.10112359550561797,0.11235955056179775,0.1348314606741573,0.1797752808988764,-0.07422680412371134,Pierce The Veil,surprise
King For A Day,teen_angst,485,0.4981176470588236,0.496098039215686,0.5365784313725492,27,18,8,6,18,10,9,10,12,16,186,0.49811764705882355,0.4960980392156861,0.5365784313725491,18,15,5,5,12,5,6,8,9,9,137,0.5020408163265305,0.4933673469387753,0.5326530612244899,18,15,5,5,12,5,6,8,9,9,0.0898876404494382,0.06741573033707865,0.20224719101123595,0.11235955056179775,0.10112359550561797,0.11235955056179775,0.1348314606741573,0.1797752808988764,-0.07422680412371134,Pierce The Veil,joy
King For A Day,teen_angst,485,0.4981176470588236,0.496098039215686,0.5365784313725492,27,18,8,6,18,10,9,10,12,16,186,0.49811764705882355,0.4960980392156861,0.5365784313725491,18,15,5,5,12,5,6,8,9,9,137,0.5020408163265305,0.4933673469387753,0.5326530612244899,18,15,5,5,12,5,6,8,9,9,0.0898876404494382,0.06741573033707865,0.20224719101123595,0.11235955056179775,0.10112359550561797,0.11235955056179775,0.1348314606741573,0.1797752808988764,-0.07422680412371134,Pierce The Veil,anticipation
King For A Day,teen_angst,485,0.4981176470588236,0.496098039215686,0.5365784313725492,27,18,8,6,18,10,9,10,12,16,186,0.49811764705882355,0.4960980392156861,0.5365784313725491,18,15,5,5,12,5,6,8,9,9,137,0.5020408163265305,0.4933673469387753,0.5326530612244899,18,15,5,5,12,5,6,8,9,9,0.0898876404494382,0.06741573033707865,0.20224719101123595,0.11235955056179775,0.10112359550561797,0.11235955056179775,0.1348314606741573,0.1797752808988764,-0.07422680412371134,Pierce The Veil,sadness
King For A Day,teen_angst,485,0.4981176470588236,0.496098039215686,0.5365784313725492,27,18,8,6,18,10,9,10,12,16,186,0.49811764705882355,0.4960980392156861,0.5365784313725491,18,15,5,5,12,5,6,8,9,9,137,0.5020408163265305,0.4933673469387753,0.5326530612244899,18,15,5,5,12,5,6,8,9,9,0.0898876404494382,0.06741573033707865,0.20224719101123595,0.11235955056179775,0.10112359550561797,0.11235955056179775,0.1348314606741573,0.1797752808988764,-0.07422680412371134,Kellin Quinn,surprise
King For A Day,teen_angst,485,0.4981176470588236,0.496098039215686,0.5365784313725492,27,18,8,6,18,10,9,10,12,16,186,0.49811764705882355,0.4960980392156861,0.5365784313725491,18,15,5,5,12,5,6,8,9,9,137,0.5020408163265305,0.4933673469387753,0.5326530612244899,18,15,5,5,12,5,6,8,9,9,0.0898876404494382,0.06741573033707865,0.20224719101123595,0.11235955056179775,0.10112359550561797,0.11235955056179775,0.1348314606741573,0.1797752808988764,-0.07422680412371134,Kellin Quinn,fear
King For A Day,teen_angst,485,0.4981176470588236,0.496098039215686,0.5365784313725492,27,18,8,6,18,10,9,10,12,16,186,0.49811764705882355,0.4960980392156861,0.5365784313725491,18,15,5,5,12,5,6,8,9,9,137,0.5020408163265305,0.4933673469387753,0.5326530612244899,18,15,5,5,12,5,6,8,9,9,0.0898876404494382,0.06741573033707865,0.20224719101123595,0.11235955056179775,0.10112359550561797,0.11235955056179775,0.1348314606741573,0.1797752808988764,-0.07422680412371134,Kellin Quinn,disgust
King For A Day,teen_angst,485,0.4981176470588236,0.496098039215686,0.5365784313725492,27,18,8,6,18,10,9,10,12,16,186,0.49811764705882355,0.4960980392156861,0.5365784313725491,18,15,5,5,12,5,6,8,9,9,137,0.5020408163265305,0.4933673469387753,0.5326530612244899,18,15,5,5,12,5,6,8,9,9,0.0898876404494382,0.06741573033707865,0.20224719101123595,0.11235955056179775,0.10112359550561797,0.11235955056179775,0.1348314606741573,0.1797752808988764,-0.07422680412371134,Kellin Quinn,joy
King For A Day,teen_angst,485,0.4981176470588236,0.496098039215686,0.5365784313725492,27,18,8,6,18,10,9,10,12,16,186,0.49811764705882355,0.4960980392156861,0.5365784313725491,18,15,5,5,12,5,6,8,9,9,137,0.5020408163265305,0.4933673469387753,0.5326530612244899,18,15,5,5,12,5,6,8,9,9,0.0898876404494382,0.06741573033707865,0.20224719101123595,0.11235955056179775,0.10112359550561797,0.11235955056179775,0.1348314606741573,0.1797752808988764,-0.07422680412371134,Pierce The Veil,disgust
King For A Day,teen_angst,485,0.4981176470588236,0.496098039215686,0.5365784313725492,27,18,8,6,18,10,9,10,12,16,186,0.49811764705882355,0.4960980392156861,0.5365784313725491,18,15,5,5,12,5,6,8,9,9,137,0.5020408163265305,0.4933673469387753,0.5326530612244899,18,15,5,5,12,5,6,8,9,9,0.0898876404494382,0.06741573033707865,0.20224719101123595,0.11235955056179775,0.10112359550561797,0.11235955056179775,0.1348314606741573,0.1797752808988764,-0.07422680412371134,Kellin Quinn,sadness
King For A Day,teen_angst,485,0.4981176470588236,0.496098039215686,0.5365784313725492,27,18,8,6,18,10,9,10,12,16,186,0.49811764705882355,0.4960980392156861,0.5365784313725491,18,15,5,5,12,5,6,8,9,9,137,0.5020408163265305,0.4933673469387753,0.5326530612244899,18,15,5,5,12,5,6,8,9,9,0.0898876404494382,0.06741573033707865,0.20224719101123595,0.11235955056179775,0.10112359550561797,0.11235955056179775,0.1348314606741573,0.1797752808988764,-0.07422680412371134,Kellin Quinn,anticipation
Leave Me Alone,teen_angst,218,0.4661282051282051,0.5661025641025642,0.6392307692307693,16,9,10,8,15,9,15,9,15,13,81,0.4661282051282052,0.5661025641025642,0.6392307692307694,7,7,5,6,5,4,5,7,8,4,50,0.4676111111111111,0.5615000000000001,0.6334722222222223,7,7,5,6,5,4,5,7,8,4,0.10638297872340426,0.0851063829787234,0.1595744680851064,0.09574468085106383,0.1595744680851064,0.09574468085106383,0.1595744680851064,0.13829787234042554,-0.12844036697247707,I DONT KNOW HOW BUT THEY FOUND ME,fear
Leave Me Alone,teen_angst,218,0.4661282051282051,0.5661025641025642,0.6392307692307693,16,9,10,8,15,9,15,9,15,13,81,0.4661282051282052,0.5661025641025642,0.6392307692307694,7,7,5,6,5,4,5,7,8,4,50,0.4676111111111111,0.5615000000000001,0.6334722222222223,7,7,5,6,5,4,5,7,8,4,0.10638297872340426,0.0851063829787234,0.1595744680851064,0.09574468085106383,0.1595744680851064,0.09574468085106383,0.1595744680851064,0.13829787234042554,-0.12844036697247707,I DONT KNOW HOW BUT THEY FOUND ME,disgust
Leave Me Alone,teen_angst,218,0.4661282051282051,0.5661025641025642,0.6392307692307693,16,9,10,8,15,9,15,9,15,13,81,0.4661282051282052,0.5661025641025642,0.6392307692307694,7,7,5,6,5,4,5,7,8,4,50,0.4676111111111111,0.5615000000000001,0.6334722222222223,7,7,5,6,5,4,5,7,8,4,0.10638297872340426,0.0851063829787234,0.1595744680851064,0.09574468085106383,0.1595744680851064,0.09574468085106383,0.1595744680851064,0.13829787234042554,-0.12844036697247707,I DONT KNOW HOW BUT THEY FOUND ME,anger
Leave Me Alone,teen_angst,218,0.4661282051282051,0.5661025641025642,0.6392307692307693,16,9,10,8,15,9,15,9,15,13,81,0.4661282051282052,0.5661025641025642,0.6392307692307694,7,7,5,6,5,4,5,7,8,4,50,0.4676111111111111,0.5615000000000001,0.6334722222222223,7,7,5,6,5,4,5,7,8,4,0.10638297872340426,0.0851063829787234,0.1595744680851064,0.09574468085106383,0.1595744680851064,0.09574468085106383,0.1595744680851064,0.13829787234042554,-0.12844036697247707,I DONT KNOW HOW BUT THEY FOUND ME,anticipation
Leave Me Alone,teen_angst,218,0.4661282051282051,0.5661025641025642,0.6392307692307693,16,9,10,8,15,9,15,9,15,13,81,0.4661282051282052,0.5661025641025642,0.6392307692307694,7,7,5,6,5,4,5,7,8,4,50,0.4676111111111111,0.5615000000000001,0.6334722222222223,7,7,5,6,5,4,5,7,8,4,0.10638297872340426,0.0851063829787234,0.1595744680851064,0.09574468085106383,0.1595744680851064,0.09574468085106383,0.1595744680851064,0.13829787234042554,-0.12844036697247707,I DONT KNOW HOW BUT THEY FOUND ME,sadness
Leave Me Alone,teen_angst,218,0.4661282051282051,0.5661025641025642,0.6392307692307693,16,9,10,8,15,9,15,9,15,13,81,0.4661282051282052,0.5661025641025642,0.6392307692307694,7,7,5,6,5,4,5,7,8,4,50,0.4676111111111111,0.5615000000000001,0.6334722222222223,7,7,5,6,5,4,5,7,8,4,0.10638297872340426,0.0851063829787234,0.1595744680851064,0.09574468085106383,0.1595744680851064,0.09574468085106383,0.1595744680851064,0.13829787234042554,-0.12844036697247707,I DONT KNOW HOW BUT THEY FOUND ME,surprise
Misery Business,teen_angst,431,0.43819642857142843,0.5000892857142858,0.5814464285714287,17,17,8,17,13,2,6,15,20,4,138,0.4381964285714287,0.5000892857142856,0.5814464285714287,8,6,3,6,5,2,3,4,9,2,80,0.44432000000000016,0.5023799999999998,0.5784200000000002,8,6,3,6,5,2,3,4,9,2,0.09411764705882353,0.2,0.15294117647058825,0.023529411764705882,0.07058823529411765,0.17647058823529413,0.23529411764705882,0.047058823529411764,0.0,Paramore,trust
Misery Business,teen_angst,431,0.43819642857142843,0.5000892857142858,0.5814464285714287,17,17,8,17,13,2,6,15,20,4,138,0.4381964285714287,0.5000892857142856,0.5814464285714287,8,6,3,6,5,2,3,4,9,2,80,0.44432000000000016,0.5023799999999998,0.5784200000000002,8,6,3,6,5,2,3,4,9,2,0.09411764705882353,0.2,0.15294117647058825,0.023529411764705882,0.07058823529411765,0.17647058823529413,0.23529411764705882,0.047058823529411764,0.0,Paramore,surprise
Misery Business,teen_angst,431,0.43819642857142843,0.5000892857142858,0.5814464285714287,17,17,8,17,13,2,6,15,20,4,138,0.4381964285714287,0.5000892857142856,0.5814464285714287,8,6,3,6,5,2,3,4,9,2,80,0.44432000000000016,0.5023799999999998,0.5784200000000002,8,6,3,6,5,2,3,4,9,2,0.09411764705882353,0.2,0.15294117647058825,0.023529411764705882,0.07058823529411765,0.17647058823529413,0.23529411764705882,0.047058823529411764,0.0,Paramore,anticipation
Misery Business,teen_angst,431,0.43819642857142843,0.5000892857142858,0.5814464285714287,17,17,8,17,13,2,6,15,20,4,138,0.4381964285714287,0.5000892857142856,0.5814464285714287,8,6,3,6,5,2,3,4,9,2,80,0.44432000000000016,0.5023799999999998,0.5784200000000002,8,6,3,6,5,2,3,4,9,2,0.09411764705882353,0.2,0.15294117647058825,0.023529411764705882,0.07058823529411765,0.17647058823529413,0.23529411764705882,0.047058823529411764,0.0,Paramore,joy
Miss Murder,teen_angst,243,0.479195652173913,0.48856521739130426,0.6149130434782609,11,6,13,3,12,10,10,5,4,11,108,0.479195652173913,0.4885652173913044,0.6149130434782608,2,5,4,2,3,1,1,4,3,2,68,0.4888809523809524,0.49033333333333334,0.6244047619047619,2,5,4,2,3,1,1,4,3,2,0.19117647058823528,0.04411764705882353,0.17647058823529413,0.14705882352941177,0.14705882352941177,0.07352941176470588,0.058823529411764705,0.16176470588235295,-0.0823045267489712,AFI,disgust
Miss Murder,teen_angst,243,0.479195652173913,0.48856521739130426,0.6149130434782609,11,6,13,3,12,10,10,5,4,11,108,0.479195652173913,0.4885652173913044,0.6149130434782608,2,5,4,2,3,1,1,4,3,2,68,0.4888809523809524,0.49033333333333334,0.6244047619047619,2,5,4,2,3,1,1,4,3,2,0.19117647058823528,0.04411764705882353,0.17647058823529413,0.14705882352941177,0.14705882352941177,0.07352941176470588,0.058823529411764705,0.16176470588235295,-0.0823045267489712,AFI,surprise
Miss Murder,teen_angst,243,0.479195652173913,0.48856521739130426,0.6149130434782609,11,6,13,3,12,10,10,5,4,11,108,0.479195652173913,0.4885652173913044,0.6149130434782608,2,5,4,2,3,1,1,4,3,2,68,0.4888809523809524,0.49033333333333334,0.6244047619047619,2,5,4,2,3,1,1,4,3,2,0.19117647058823528,0.04411764705882353,0.17647058823529413,0.14705882352941177,0.14705882352941177,0.07352941176470588,0.058823529411764705,0.16176470588235295,-0.0823045267489712,AFI,sadness
Miss Murder,teen_angst,243,0.479195652173913,0.48856521739130426,0.6149130434782609,11,6,13,3,12,10,10,5,4,11,108,0.479195652173913,0.4885652173913044,0.6149130434782608,2,5,4,2,3,1,1,4,3,2,68,0.4888809523809524,0.49033333333333334,0.6244047619047619,2,5,4,2,3,1,1,4,3,2,0.19117647058823528,0.04411764705882353,0.17647058823529413,0.14705882352941177,0.14705882352941177,0.07352941176470588,0.058823529411764705,0.16176470588235295,-0.0823045267489712,AFI,fear
Miss Murder,teen_angst,243,0.479195652173913,0.48856521739130426,0.6149130434782609,11,6,13,3,12,10,10,5,4,11,108,0.479195652173913,0.4885652173913044,0.6149130434782608,2,5,4,2,3,1,1,4,3,2,68,0.4888809523809524,0.49033333333333334,0.6244047619047619,2,5,4,2,3,1,1,4,3,2,0.19117647058823528,0.04411764705882353,0.17647058823529413,0.14705882352941177,0.14705882352941177,0.07352941176470588,0.058823529411764705,0.16176470588235295,-0.0823045267489712,AFI,anger
Monday,teen_angst,272,0.44478723404255316,0.4824042553191489,0.5573404255319151,5,11,4,9,2,2,1,5,8,3,93,0.4447872340425534,0.48240425531914904,0.5573404255319151,5,5,2,5,2,2,1,3,4,3,57,0.4538292682926831,0.4805609756097561,0.5559512195121952,5,5,2,5,2,2,1,3,4,3,0.11764705882352941,0.2647058823529412,0.058823529411764705,0.058823529411764705,0.029411764705882353,0.14705882352941177,0.23529411764705882,0.08823529411764706,0.08823529411764706,The Regrettes,anticipation
Monday,teen_angst,272,0.44478723404255316,0.4824042553191489,0.5573404255319151,5,11,4,9,2,2,1,5,8,3,93,0.4447872340425534,0.48240425531914904,0.5573404255319151,5,5,2,5,2,2,1,3,4,3,57,0.4538292682926831,0.4805609756097561,0.5559512195121952,5,5,2,5,2,2,1,3,4,3,0.11764705882352941,0.2647058823529412,0.058823529411764705,0.058823529411764705,0.029411764705882353,0.14705882352941177,0.23529411764705882,0.08823529411764706,0.08823529411764706,The Regrettes,joy
Monday,teen_angst,272,0.44478723404255316,0.4824042553191489,0.5573404255319151,5,11,4,9,2,2,1,5,8,3,93,0.4447872340425534,0.48240425531914904,0.5573404255319151,5,5,2,5,2,2,1,3,4,3,57,0.4538292682926831,0.4805609756097561,0.5559512195121952,5,5,2,5,2,2,1,3,4,3,0.11764705882352941,0.2647058823529412,0.058823529411764705,0.058823529411764705,0.029411764705882353,0.14705882352941177,0.23529411764705882,0.08823529411764706,0.08823529411764706,The Regrettes,trust
Monday,teen_angst,272,0.44478723404255316,0.4824042553191489,0.5573404255319151,5,11,4,9,2,2,1,5,8,3,93,0.4447872340425534,0.48240425531914904,0.5573404255319151,5,5,2,5,2,2,1,3,4,3,57,0.4538292682926831,0.4805609756097561,0.5559512195121952,5,5,2,5,2,2,1,3,4,3,0.11764705882352941,0.2647058823529412,0.058823529411764705,0.058823529411764705,0.029411764705882353,0.14705882352941177,0.23529411764705882,0.08823529411764706,0.08823529411764706,The Regrettes,surprise
Move Along,teen_angst,246,0.45262162162162173,0.5041351351351351,0.5674864864864864,9,5,3,4,1,0,0,3,3,3,80,0.45262162162162173,0.5041351351351352,0.5674864864864867,6,3,1,2,1,0,0,1,1,3,46,0.4594545454545455,0.49196969696969695,0.5515757575757576,6,3,1,2,1,0,0,1,1,3,0.17647058823529413,0.23529411764705882,0.058823529411764705,0.0,0.0,0.17647058823529413,0.17647058823529413,0.17647058823529413,-0.06504065040650407,The All-American Rejects,anticipation
Move Along,teen_angst,246,0.45262162162162173,0.5041351351351351,0.5674864864864864,9,5,3,4,1,0,0,3,3,3,80,0.45262162162162173,0.5041351351351352,0.5674864864864867,6,3,1,2,1,0,0,1,1,3,46,0.4594545454545455,0.49196969696969695,0.5515757575757576,6,3,1,2,1,0,0,1,1,3,0.17647058823529413,0.23529411764705882,0.058823529411764705,0.0,0.0,0.17647058823529413,0.17647058823529413,0.17647058823529413,-0.06504065040650407,The All-American Rejects,surprise
Move Along,teen_angst,246,0.45262162162162173,0.5041351351351351,0.5674864864864864,9,5,3,4,1,0,0,3,3,3,80,0.45262162162162173,0.5041351351351352,0.5674864864864867,6,3,1,2,1,0,0,1,1,3,46,0.4594545454545455,0.49196969696969695,0.5515757575757576,6,3,1,2,1,0,0,1,1,3,0.17647058823529413,0.23529411764705882,0.058823529411764705,0.0,0.0,0.17647058823529413,0.17647058823529413,0.17647058823529413,-0.06504065040650407,The All-American Rejects,trust
Move Along,teen_angst,246,0.45262162162162173,0.5041351351351351,0.5674864864864864,9,5,3,4,1,0,0,3,3,3,80,0.45262162162162173,0.5041351351351352,0.5674864864864867,6,3,1,2,1,0,0,1,1,3,46,0.4594545454545455,0.49196969696969695,0.5515757575757576,6,3,1,2,1,0,0,1,1,3,0.17647058823529413,0.23529411764705882,0.058823529411764705,0.0,0.0,0.17647058823529413,0.17647058823529413,0.17647058823529413,-0.06504065040650407,The All-American Rejects,joy
Move Along,teen_angst,246,0.45262162162162173,0.5041351351351351,0.5674864864864864,9,5,3,4,1,0,0,3,3,3,80,0.45262162162162173,0.5041351351351352,0.5674864864864867,6,3,1,2,1,0,0,1,1,3,46,0.4594545454545455,0.49196969696969695,0.5515757575757576,6,3,1,2,1,0,0,1,1,3,0.17647058823529413,0.23529411764705882,0.058823529411764705,0.0,0.0,0.17647058823529413,0.17647058823529413,0.17647058823529413,-0.06504065040650407,The All-American Rejects,sadness
My Mother Wants Me Dead,teen_angst,177,0.47461904761904766,0.48904761904761895,0.5333333333333334,14,4,0,5,5,10,10,4,4,10,43,0.47461904761904755,0.489047619047619,0.5333333333333334,3,1,0,2,1,2,2,1,1,3,25,0.48034999999999994,0.49079999999999996,0.5269000000000001,3,1,0,2,1,2,2,1,1,3,0.0,0.10416666666666667,0.10416666666666667,0.20833333333333334,0.20833333333333334,0.08333333333333333,0.08333333333333333,0.20833333333333334,-0.22598870056497175,carolesdaughter,anger
My Mother Wants Me Dead,teen_angst,177,0.47461904761904766,0.48904761904761895,0.5333333333333334,14,4,0,5,5,10,10,4,4,10,43,0.47461904761904755,0.489047619047619,0.5333333333333334,3,1,0,2,1,2,2,1,1,3,25,0.48034999999999994,0.49079999999999996,0.5269000000000001,3,1,0,2,1,2,2,1,1,3,0.0,0.10416666666666667,0.10416666666666667,0.20833333333333334,0.20833333333333334,0.08333333333333333,0.08333333333333333,0.20833333333333334,-0.22598870056497175,carolesdaughter,disgust
My Mother Wants Me Dead,teen_angst,177,0.47461904761904766,0.48904761904761895,0.5333333333333334,14,4,0,5,5,10,10,4,4,10,43,0.47461904761904755,0.489047619047619,0.5333333333333334,3,1,0,2,1,2,2,1,1,3,25,0.48034999999999994,0.49079999999999996,0.5269000000000001,3,1,0,2,1,2,2,1,1,3,0.0,0.10416666666666667,0.10416666666666667,0.20833333333333334,0.20833333333333334,0.08333333333333333,0.08333333333333333,0.20833333333333334,-0.22598870056497175,carolesdaughter,sadness
Ohio Is For Lovers,teen_angst,469,0.41650000000000004,0.4458055555555556,0.5359722222222222,21,4,0,2,13,0,0,2,4,17,82,0.4165,0.4458055555555556,0.5359722222222222,4,2,0,1,2,0,0,1,1,3,43,0.417125,0.439375,0.53303125,4,2,0,1,2,0,0,1,1,3,0.0,0.05263157894736842,0.34210526315789475,0.0,0.0,0.05263157894736842,0.10526315789473684,0.4473684210526316,-0.14498933901918976,Hawthorne Heights,sadness
Ohio Is For Lovers,teen_angst,469,0.41650000000000004,0.4458055555555556,0.5359722222222222,21,4,0,2,13,0,0,2,4,17,82,0.4165,0.4458055555555556,0.5359722222222222,4,2,0,1,2,0,0,1,1,3,43,0.417125,0.439375,0.53303125,4,2,0,1,2,0,0,1,1,3,0.0,0.05263157894736842,0.34210526315789475,0.0,0.0,0.05263157894736842,0.10526315789473684,0.4473684210526316,-0.14498933901918976,Hawthorne Heights,fear
Pass The Nirvana,teen_angst,304,0.4804782608695653,0.49897101449275366,0.5452608695652175,12,5,2,5,4,4,19,3,5,2,126,0.4804782608695653,0.49897101449275355,0.5452608695652174,9,4,1,3,4,2,8,2,4,2,89,0.4844393939393941,0.4971666666666667,0.5419696969696969,9,4,1,3,4,2,8,2,4,2,0.045454545454545456,0.11363636363636363,0.09090909090909091,0.09090909090909091,0.4318181818181818,0.06818181818181818,0.11363636363636363,0.045454545454545456,-0.09210526315789473,Pierce The Veil,anger
Pink Panther,teen_angst,322,0.3796808510638298,0.4638936170212765,0.5829361702127662,2,9,2,9,0,0,0,7,8,2,91,0.37968085106382976,0.4638936170212767,0.5829361702127661,1,5,1,5,0,0,0,4,4,1,62,0.3794772727272728,0.46043181818181816,0.5771818181818182,1,5,1,5,0,0,0,4,4,1,0.07142857142857142,0.32142857142857145,0.0,0.0,0.0,0.25,0.2857142857142857,0.07142857142857142,0.08695652173913043,Scene Queen,anticipation
Pink Panther,teen_angst,322,0.3796808510638298,0.4638936170212765,0.5829361702127662,2,9,2,9,0,0,0,7,8,2,91,0.37968085106382976,0.4638936170212767,0.5829361702127661,1,5,1,5,0,0,0,4,4,1,62,0.3794772727272728,0.46043181818181816,0.5771818181818182,1,5,1,5,0,0,0,4,4,1,0.07142857142857142,0.32142857142857145,0.0,0.0,0.0,0.25,0.2857142857142857,0.07142857142857142,0.08695652173913043,Scene Queen,joy
Pink Panther,teen_angst,322,0.3796808510638298,0.4638936170212765,0.5829361702127662,2,9,2,9,0,0,0,7,8,2,91,0.37968085106382976,0.4638936170212767,0.5829361702127661,1,5,1,5,0,0,0,4,4,1,62,0.3794772727272728,0.46043181818181816,0.5771818181818182,1,5,1,5,0,0,0,4,4,1,0.07142857142857142,0.32142857142857145,0.0,0.0,0.0,0.25,0.2857142857142857,0.07142857142857142,0.08695652173913043,Scene Queen,trust
Pink Panther,teen_angst,322,0.3796808510638298,0.4638936170212765,0.5829361702127662,2,9,2,9,0,0,0,7,8,2,91,0.37968085106382976,0.4638936170212767,0.5829361702127661,1,5,1,5,0,0,0,4,4,1,62,0.3794772727272728,0.46043181818181816,0.5771818181818182,1,5,1,5,0,0,0,4,4,1,0.07142857142857142,0.32142857142857145,0.0,0.0,0.0,0.25,0.2857142857142857,0.07142857142857142,0.08695652173913043,Scene Queen,surprise
Pumped Up Kicks,teen_angst,403,0.46605660377358493,0.5019056603773585,0.5744905660377361,26,6,1,1,9,0,22,2,6,3,93,0.46605660377358504,0.5019056603773585,0.574490566037736,5,6,1,1,2,0,2,2,5,2,59,0.48026086956521746,0.5012173913043478,0.571304347826087,5,6,1,1,2,0,2,2,5,2,0.022727272727272728,0.022727272727272728,0.20454545454545456,0.0,0.5,0.045454545454545456,0.13636363636363635,0.06818181818181818,-0.19851116625310175,Foster the People,fear
Pumped Up Kicks,teen_angst,403,0.46605660377358493,0.5019056603773585,0.5744905660377361,26,6,1,1,9,0,22,2,6,3,93,0.46605660377358504,0.5019056603773585,0.574490566037736,5,6,1,1,2,0,2,2,5,2,59,0.48026086956521746,0.5012173913043478,0.571304347826087,5,6,1,1,2,0,2,2,5,2,0.022727272727272728,0.022727272727272728,0.20454545454545456,0.0,0.5,0.045454545454545456,0.13636363636363635,0.06818181818181818,-0.19851116625310175,Foster the People,anger
Pumped Up Kicks,teen_angst,403,0.46605660377358493,0.5019056603773585,0.5744905660377361,26,6,1,1,9,0,22,2,6,3,93,0.46605660377358504,0.5019056603773585,0.574490566037736,5,6,1,1,2,0,2,2,5,2,59,0.48026086956521746,0.5012173913043478,0.571304347826087,5,6,1,1,2,0,2,2,5,2,0.022727272727272728,0.022727272727272728,0.20454545454545456,0.0,0.5,0.045454545454545456,0.13636363636363635,0.06818181818181818,-0.19851116625310175,Foster the People,anticipation
Say It (To My Face),teen_angst,342,0.47484444444444435,0.5043111111111109,0.6541777777777779,9,19,6,9,2,5,2,14,8,8,96,0.4748444444444444,0.504311111111111,0.6541777777777779,5,8,3,5,2,3,2,6,4,4,64,0.4795116279069767,0.5034186046511627,0.6516046511627909,5,8,3,5,2,3,2,6,4,4,0.1111111111111111,0.16666666666666666,0.037037037037037035,0.09259259259259259,0.037037037037037035,0.25925925925925924,0.14814814814814814,0.14814814814814814,0.11695906432748537,Meet Me @ The Altar,sadness
Say It (To My Face),teen_angst,342,0.47484444444444435,0.5043111111111109,0.6541777777777779,9,19,6,9,2,5,2,14,8,8,96,0.4748444444444444,0.504311111111111,0.6541777777777779,5,8,3,5,2,3,2,6,4,4,64,0.4795116279069767,0.5034186046511627,0.6516046511627909,5,8,3,5,2,3,2,6,4,4,0.1111111111111111,0.16666666666666666,0.037037037037037035,0.09259259259259259,0.037037037037037035,0.25925925925925924,0.14814814814814814,0.14814814814814814,0.11695906432748537,Meet Me @ The Altar,disgust
Say It (To My Face),teen_angst,342,0.47484444444444435,0.5043111111111109,0.6541777777777779,9,19,6,9,2,5,2,14,8,8,96,0.4748444444444444,0.504311111111111,0.6541777777777779,5,8,3,5,2,3,2,6,4,4,64,0.4795116279069767,0.5034186046511627,0.6516046511627909,5,8,3,5,2,3,2,6,4,4,0.1111111111111111,0.16666666666666666,0.037037037037037035,0.09259259259259259,0.037037037037037035,0.25925925925925924,0.14814814814814814,0.14814814814814814,0.11695906432748537,Meet Me @ The Altar,joy
Say It (To My Face),teen_angst,342,0.47484444444444435,0.5043111111111109,0.6541777777777779,9,19,6,9,2,5,2,14,8,8,96,0.4748444444444444,0.504311111111111,0.6541777777777779,5,8,3,5,2,3,2,6,4,4,64,0.4795116279069767,0.5034186046511627,0.6516046511627909,5,8,3,5,2,3,2,6,4,4,0.1111111111111111,0.16666666666666666,0.037037037037037035,0.09259259259259259,0.037037037037037035,0.25925925925925924,0.14814814814814814,0.14814814814814814,0.11695906432748537,Meet Me @ The Altar,trust
Say It (To My Face),teen_angst,342,0.47484444444444435,0.5043111111111109,0.6541777777777779,9,19,6,9,2,5,2,14,8,8,96,0.4748444444444444,0.504311111111111,0.6541777777777779,5,8,3,5,2,3,2,6,4,4,64,0.4795116279069767,0.5034186046511627,0.6516046511627909,5,8,3,5,2,3,2,6,4,4,0.1111111111111111,0.16666666666666666,0.037037037037037035,0.09259259259259259,0.037037037037037035,0.25925925925925924,0.14814814814814814,0.14814814814814814,0.11695906432748537,Meet Me @ The Altar,surprise
Say It (To My Face),teen_angst,342,0.47484444444444435,0.5043111111111109,0.6541777777777779,9,19,6,9,2,5,2,14,8,8,96,0.4748444444444444,0.504311111111111,0.6541777777777779,5,8,3,5,2,3,2,6,4,4,64,0.4795116279069767,0.5034186046511627,0.6516046511627909,5,8,3,5,2,3,2,6,4,4,0.1111111111111111,0.16666666666666666,0.037037037037037035,0.09259259259259259,0.037037037037037035,0.25925925925925924,0.14814814814814814,0.14814814814814814,0.11695906432748537,Meet Me @ The Altar,anticipation
Seven Nation Army,teen_angst,199,0.4402173913043479,0.4992173913043478,0.5561739130434784,5,3,2,4,4,3,3,1,2,2,103,0.44021739130434806,0.4992173913043479,0.5561739130434783,5,3,2,4,4,3,3,1,2,2,65,0.44032558139534905,0.4939302325581397,0.5477674418604651,5,3,2,4,4,3,3,1,2,2,0.09523809523809523,0.19047619047619047,0.19047619047619047,0.14285714285714285,0.14285714285714285,0.047619047619047616,0.09523809523809523,0.09523809523809523,-0.04020100502512563,The White Stripes,surprise
Seven Nation Army,teen_angst,199,0.4402173913043479,0.4992173913043478,0.5561739130434784,5,3,2,4,4,3,3,1,2,2,103,0.44021739130434806,0.4992173913043479,0.5561739130434783,5,3,2,4,4,3,3,1,2,2,65,0.44032558139534905,0.4939302325581397,0.5477674418604651,5,3,2,4,4,3,3,1,2,2,0.09523809523809523,0.19047619047619047,0.19047619047619047,0.14285714285714285,0.14285714285714285,0.047619047619047616,0.09523809523809523,0.09523809523809523,-0.04020100502512563,The White Stripes,trust
Seven Nation Army,teen_angst,199,0.4402173913043479,0.4992173913043478,0.5561739130434784,5,3,2,4,4,3,3,1,2,2,103,0.44021739130434806,0.4992173913043479,0.5561739130434783,5,3,2,4,4,3,3,1,2,2,65,0.44032558139534905,0.4939302325581397,0.5477674418604651,5,3,2,4,4,3,3,1,2,2,0.09523809523809523,0.19047619047619047,0.19047619047619047,0.14285714285714285,0.14285714285714285,0.047619047619047616,0.09523809523809523,0.09523809523809523,-0.04020100502512563,The White Stripes,fear
Seven Nation Army,teen_angst,199,0.4402173913043479,0.4992173913043478,0.5561739130434784,5,3,2,4,4,3,3,1,2,2,103,0.44021739130434806,0.4992173913043479,0.5561739130434783,5,3,2,4,4,3,3,1,2,2,65,0.44032558139534905,0.4939302325581397,0.5477674418604651,5,3,2,4,4,3,3,1,2,2,0.09523809523809523,0.19047619047619047,0.19047619047619047,0.14285714285714285,0.14285714285714285,0.047619047619047616,0.09523809523809523,0.09523809523809523,-0.04020100502512563,The White Stripes,anger
Seven Nation Army,teen_angst,199,0.4402173913043479,0.4992173913043478,0.5561739130434784,5,3,2,4,4,3,3,1,2,2,103,0.44021739130434806,0.4992173913043479,0.5561739130434783,5,3,2,4,4,3,3,1,2,2,65,0.44032558139534905,0.4939302325581397,0.5477674418604651,5,3,2,4,4,3,3,1,2,2,0.09523809523809523,0.19047619047619047,0.19047619047619047,0.14285714285714285,0.14285714285714285,0.047619047619047616,0.09523809523809523,0.09523809523809523,-0.04020100502512563,The White Stripes,disgust
"Sugar, We're Goin Down",teen_angst,463,0.4370624999999999,0.4641874999999998,0.5356666666666667,6,25,2,12,11,2,2,8,9,4,89,0.43706249999999996,0.46418750000000003,0.5356666666666666,4,4,1,3,3,2,2,1,2,3,51,0.4433488372093024,0.4557906976744186,0.5281162790697672,4,4,1,3,3,2,2,1,2,3,0.04,0.24,0.22,0.04,0.04,0.16,0.18,0.08,0.16414686825053995,Fall Out Boy,anticipation
"Sugar, We're Goin Down",teen_angst,463,0.4370624999999999,0.4641874999999998,0.5356666666666667,6,25,2,12,11,2,2,8,9,4,89,0.43706249999999996,0.46418750000000003,0.5356666666666666,4,4,1,3,3,2,2,1,2,3,51,0.4433488372093024,0.4557906976744186,0.5281162790697672,4,4,1,3,3,2,2,1,2,3,0.04,0.24,0.22,0.04,0.04,0.16,0.18,0.08,0.16414686825053995,Fall Out Boy,joy
"Sugar, We're Goin Down",teen_angst,463,0.4370624999999999,0.4641874999999998,0.5356666666666667,6,25,2,12,11,2,2,8,9,4,89,0.43706249999999996,0.46418750000000003,0.5356666666666666,4,4,1,3,3,2,2,1,2,3,51,0.4433488372093024,0.4557906976744186,0.5281162790697672,4,4,1,3,3,2,2,1,2,3,0.04,0.24,0.22,0.04,0.04,0.16,0.18,0.08,0.16414686825053995,Fall Out Boy,fear
"Sugar, We're Goin Down",teen_angst,463,0.4370624999999999,0.4641874999999998,0.5356666666666667,6,25,2,12,11,2,2,8,9,4,89,0.43706249999999996,0.46418750000000003,0.5356666666666666,4,4,1,3,3,2,2,1,2,3,51,0.4433488372093024,0.4557906976744186,0.5281162790697672,4,4,1,3,3,2,2,1,2,3,0.04,0.24,0.22,0.04,0.04,0.16,0.18,0.08,0.16414686825053995,Fall Out Boy,trust
Teenage Dirtbag,teen_angst,267,0.4246999999999999,0.4822400000000001,0.5596200000000002,7,8,0,5,1,3,5,0,1,1,98,0.42470000000000013,0.4822400000000001,0.5596200000000002,5,4,0,3,1,1,3,0,1,1,62,0.4301818181818183,0.48238636363636367,0.5552954545454546,5,4,0,3,1,1,3,0,1,1,0.0,0.3125,0.0625,0.1875,0.3125,0.0,0.0625,0.0625,0.0149812734082397,Wheatus,anger
Teenage Dirtbag,teen_angst,267,0.4246999999999999,0.4822400000000001,0.5596200000000002,7,8,0,5,1,3,5,0,1,1,98,0.42470000000000013,0.4822400000000001,0.5596200000000002,5,4,0,3,1,1,3,0,1,1,62,0.4301818181818183,0.48238636363636367,0.5552954545454546,5,4,0,3,1,1,3,0,1,1,0.0,0.3125,0.0625,0.1875,0.3125,0.0,0.0625,0.0625,0.0149812734082397,Wheatus,disgust
Teenage Dirtbag,teen_angst,267,0.4246999999999999,0.4822400000000001,0.5596200000000002,7,8,0,5,1,3,5,0,1,1,98,0.42470000000000013,0.4822400000000001,0.5596200000000002,5,4,0,3,1,1,3,0,1,1,62,0.4301818181818183,0.48238636363636367,0.5552954545454546,5,4,0,3,1,1,3,0,1,1,0.0,0.3125,0.0625,0.1875,0.3125,0.0,0.0625,0.0625,0.0149812734082397,Wheatus,trust
Teenagers,teen_angst,315,0.4824666666666667,0.4739333333333334,0.488088888888889,35,4,11,3,19,12,24,3,12,8,100,0.4824666666666669,0.4739333333333333,0.48808888888888896,11,3,3,2,7,4,8,2,4,4,65,0.48559523809523825,0.46671428571428564,0.47461904761904755,11,3,3,2,7,4,8,2,4,4,0.11956521739130435,0.03260869565217391,0.20652173913043478,0.13043478260869565,0.2608695652173913,0.03260869565217391,0.13043478260869565,0.08695652173913043,-0.39365079365079364,My Chemical Romance,surprise
Teenagers,teen_angst,315,0.4824666666666667,0.4739333333333334,0.488088888888889,35,4,11,3,19,12,24,3,12,8,100,0.4824666666666669,0.4739333333333333,0.48808888888888896,11,3,3,2,7,4,8,2,4,4,65,0.48559523809523825,0.46671428571428564,0.47461904761904755,11,3,3,2,7,4,8,2,4,4,0.11956521739130435,0.03260869565217391,0.20652173913043478,0.13043478260869565,0.2608695652173913,0.03260869565217391,0.13043478260869565,0.08695652173913043,-0.39365079365079364,My Chemical Romance,fear
Teenagers,teen_angst,315,0.4824666666666667,0.4739333333333334,0.488088888888889,35,4,11,3,19,12,24,3,12,8,100,0.4824666666666669,0.4739333333333333,0.48808888888888896,11,3,3,2,7,4,8,2,4,4,65,0.48559523809523825,0.46671428571428564,0.47461904761904755,11,3,3,2,7,4,8,2,4,4,0.11956521739130435,0.03260869565217391,0.20652173913043478,0.13043478260869565,0.2608695652173913,0.03260869565217391,0.13043478260869565,0.08695652173913043,-0.39365079365079364,My Chemical Romance,disgust
Teenagers,teen_angst,315,0.4824666666666667,0.4739333333333334,0.488088888888889,35,4,11,3,19,12,24,3,12,8,100,0.4824666666666669,0.4739333333333333,0.48808888888888896,11,3,3,2,7,4,8,2,4,4,65,0.48559523809523825,0.46671428571428564,0.47461904761904755,11,3,3,2,7,4,8,2,4,4,0.11956521739130435,0.03260869565217391,0.20652173913043478,0.13043478260869565,0.2608695652173913,0.03260869565217391,0.13043478260869565,0.08695652173913043,-0.39365079365079364,My Chemical Romance,anger
Teenagers,teen_angst,315,0.4824666666666667,0.4739333333333334,0.488088888888889,35,4,11,3,19,12,24,3,12,8,100,0.4824666666666669,0.4739333333333333,0.48808888888888896,11,3,3,2,7,4,8,2,4,4,65,0.48559523809523825,0.46671428571428564,0.47461904761904755,11,3,3,2,7,4,8,2,4,4,0.11956521739130435,0.03260869565217391,0.20652173913043478,0.13043478260869565,0.2608695652173913,0.03260869565217391,0.13043478260869565,0.08695652173913043,-0.39365079365079364,My Chemical Romance,anticipation
The Drug In Me Is You,teen_angst,381,0.4870384615384614,0.47642307692307695,0.5006025641025643,23,14,3,8,14,4,6,5,14,18,144,0.4870384615384613,0.47642307692307695,0.5006025641025642,17,7,2,5,10,4,6,3,7,10,98,0.4997183098591548,0.47991549295774655,0.49457746478873243,17,7,2,5,10,4,6,3,7,10,0.041666666666666664,0.1111111111111111,0.19444444444444445,0.05555555555555555,0.08333333333333333,0.06944444444444445,0.19444444444444445,0.25,-0.09448818897637795,Falling In Reverse,sadness
The Drug In Me Is You,teen_angst,381,0.4870384615384614,0.47642307692307695,0.5006025641025643,23,14,3,8,14,4,6,5,14,18,144,0.4870384615384613,0.47642307692307695,0.5006025641025642,17,7,2,5,10,4,6,3,7,10,98,0.4997183098591548,0.47991549295774655,0.49457746478873243,17,7,2,5,10,4,6,3,7,10,0.041666666666666664,0.1111111111111111,0.19444444444444445,0.05555555555555555,0.08333333333333333,0.06944444444444445,0.19444444444444445,0.25,-0.09448818897637795,Falling In Reverse,anticipation
The Drug In Me Is You,teen_angst,381,0.4870384615384614,0.47642307692307695,0.5006025641025643,23,14,3,8,14,4,6,5,14,18,144,0.4870384615384613,0.47642307692307695,0.5006025641025642,17,7,2,5,10,4,6,3,7,10,98,0.4997183098591548,0.47991549295774655,0.49457746478873243,17,7,2,5,10,4,6,3,7,10,0.041666666666666664,0.1111111111111111,0.19444444444444445,0.05555555555555555,0.08333333333333333,0.06944444444444445,0.19444444444444445,0.25,-0.09448818897637795,Falling In Reverse,fear
The Taste of Ink,teen_angst,311,0.40719565217391307,0.49645652173913035,0.611,1,13,1,6,1,4,0,4,13,6,106,0.407195652173913,0.4964565217391305,0.611,1,6,1,2,1,1,0,1,6,3,65,0.4121627906976744,0.49055813953488364,0.6064186046511629,1,6,1,2,1,1,0,1,6,3,0.02857142857142857,0.17142857142857143,0.02857142857142857,0.11428571428571428,0.0,0.11428571428571428,0.37142857142857144,0.17142857142857143,0.15434083601286175,The Used,trust
The Taste of Ink,teen_angst,311,0.40719565217391307,0.49645652173913035,0.611,1,13,1,6,1,4,0,4,13,6,106,0.407195652173913,0.4964565217391305,0.611,1,6,1,2,1,1,0,1,6,3,65,0.4121627906976744,0.49055813953488364,0.6064186046511629,1,6,1,2,1,1,0,1,6,3,0.02857142857142857,0.17142857142857143,0.02857142857142857,0.11428571428571428,0.0,0.11428571428571428,0.37142857142857144,0.17142857142857143,0.15434083601286175,The Used,joy
The Taste of Ink,teen_angst,311,0.40719565217391307,0.49645652173913035,0.611,1,13,1,6,1,4,0,4,13,6,106,0.407195652173913,0.4964565217391305,0.611,1,6,1,2,1,1,0,1,6,3,65,0.4121627906976744,0.49055813953488364,0.6064186046511629,1,6,1,2,1,1,0,1,6,3,0.02857142857142857,0.17142857142857143,0.02857142857142857,0.11428571428571428,0.0,0.11428571428571428,0.37142857142857144,0.17142857142857143,0.15434083601286175,The Used,anticipation
The Taste of Ink,teen_angst,311,0.40719565217391307,0.49645652173913035,0.611,1,13,1,6,1,4,0,4,13,6,106,0.407195652173913,0.4964565217391305,0.611,1,6,1,2,1,1,0,1,6,3,65,0.4121627906976744,0.49055813953488364,0.6064186046511629,1,6,1,2,1,1,0,1,6,3,0.02857142857142857,0.17142857142857143,0.02857142857142857,0.11428571428571428,0.0,0.11428571428571428,0.37142857142857144,0.17142857142857143,0.15434083601286175,The Used,sadness
The Taste of Ink,teen_angst,311,0.40719565217391307,0.49645652173913035,0.611,1,13,1,6,1,4,0,4,13,6,106,0.407195652173913,0.4964565217391305,0.611,1,6,1,2,1,1,0,1,6,3,65,0.4121627906976744,0.49055813953488364,0.6064186046511629,1,6,1,2,1,1,0,1,6,3,0.02857142857142857,0.17142857142857143,0.02857142857142857,0.11428571428571428,0.0,0.11428571428571428,0.37142857142857144,0.17142857142857143,0.15434083601286175,The Used,disgust
Time,teen_angst,165,0.46451111111111115,0.48546666666666677,0.5131555555555556,10,11,3,9,7,6,10,9,10,4,96,0.464511111111111,0.48546666666666644,0.5131555555555558,9,8,3,5,7,5,9,6,7,4,63,0.46939534883720924,0.48811627906976723,0.5145813953488374,9,8,3,5,7,5,9,6,7,4,0.05172413793103448,0.15517241379310345,0.1206896551724138,0.10344827586206896,0.1724137931034483,0.15517241379310345,0.1724137931034483,0.06896551724137931,0.024242424242424242,Vundabar,trust
Time,teen_angst,165,0.46451111111111115,0.48546666666666677,0.5131555555555556,10,11,3,9,7,6,10,9,10,4,96,0.464511111111111,0.48546666666666644,0.5131555555555558,9,8,3,5,7,5,9,6,7,4,63,0.46939534883720924,0.48811627906976723,0.5145813953488374,9,8,3,5,7,5,9,6,7,4,0.05172413793103448,0.15517241379310345,0.1206896551724138,0.10344827586206896,0.1724137931034483,0.15517241379310345,0.1724137931034483,0.06896551724137931,0.024242424242424242,Vundabar,disgust
Time,teen_angst,165,0.46451111111111115,0.48546666666666677,0.5131555555555556,10,11,3,9,7,6,10,9,10,4,96,0.464511111111111,0.48546666666666644,0.5131555555555558,9,8,3,5,7,5,9,6,7,4,63,0.46939534883720924,0.48811627906976723,0.5145813953488374,9,8,3,5,7,5,9,6,7,4,0.05172413793103448,0.15517241379310345,0.1206896551724138,0.10344827586206896,0.1724137931034483,0.15517241379310345,0.1724137931034483,0.06896551724137931,0.024242424242424242,Vundabar,anger
Time,teen_angst,165,0.46451111111111115,0.48546666666666677,0.5131555555555556,10,11,3,9,7,6,10,9,10,4,96,0.464511111111111,0.48546666666666644,0.5131555555555558,9,8,3,5,7,5,9,6,7,4,63,0.46939534883720924,0.48811627906976723,0.5145813953488374,9,8,3,5,7,5,9,6,7,4,0.05172413793103448,0.15517241379310345,0.1206896551724138,0.10344827586206896,0.1724137931034483,0.15517241379310345,0.1724137931034483,0.06896551724137931,0.024242424242424242,Vundabar,joy
Time,teen_angst,165,0.46451111111111115,0.48546666666666677,0.5131555555555556,10,11,3,9,7,6,10,9,10,4,96,0.464511111111111,0.48546666666666644,0.5131555555555558,9,8,3,5,7,5,9,6,7,4,63,0.46939534883720924,0.48811627906976723,0.5145813953488374,9,8,3,5,7,5,9,6,7,4,0.05172413793103448,0.15517241379310345,0.1206896551724138,0.10344827586206896,0.1724137931034483,0.15517241379310345,0.1724137931034483,0.06896551724137931,0.024242424242424242,Vundabar,anticipation
Turbulent,teen_angst,314,0.45302702702702696,0.5062972972972974,0.5823783783783784,8,5,1,2,4,1,2,3,2,5,106,0.453027027027027,0.5062972972972974,0.5823783783783785,5,5,1,2,4,1,2,3,2,5,64,0.46481818181818174,0.5066060606060607,0.5824242424242424,5,5,1,2,4,1,2,3,2,5,0.05,0.1,0.2,0.05,0.1,0.15,0.1,0.25,-0.03821656050955414,Waterparks,sadness
Turbulent,teen_angst,314,0.45302702702702696,0.5062972972972974,0.5823783783783784,8,5,1,2,4,1,2,3,2,5,106,0.453027027027027,0.5062972972972974,0.5823783783783785,5,5,1,2,4,1,2,3,2,5,64,0.46481818181818174,0.5066060606060607,0.5824242424242424,5,5,1,2,4,1,2,3,2,5,0.05,0.1,0.2,0.05,0.1,0.15,0.1,0.25,-0.03821656050955414,Waterparks,fear
Turbulent,teen_angst,314,0.45302702702702696,0.5062972972972974,0.5823783783783784,8,5,1,2,4,1,2,3,2,5,106,0.453027027027027,0.5062972972972974,0.5823783783783785,5,5,1,2,4,1,2,3,2,5,64,0.46481818181818174,0.5066060606060607,0.5824242424242424,5,5,1,2,4,1,2,3,2,5,0.05,0.1,0.2,0.05,0.1,0.15,0.1,0.25,-0.03821656050955414,Waterparks,joy
Twin Size Mattress,teen_angst,359,0.4483095238095238,0.48407142857142865,0.566095238095238,13,20,6,12,12,3,3,16,15,9,163,0.44830952380952366,0.4840714285714287,0.5660952380952381,13,12,6,7,9,3,3,8,9,6,115,0.4541688311688311,0.48180519480519496,0.5635584415584416,13,12,6,7,9,3,3,8,9,6,0.07894736842105263,0.15789473684210525,0.15789473684210525,0.039473684210526314,0.039473684210526314,0.21052631578947367,0.19736842105263158,0.11842105263157894,0.07799442896935933,The Front Bottoms,surprise
Twin Size Mattress,teen_angst,359,0.4483095238095238,0.48407142857142865,0.566095238095238,13,20,6,12,12,3,3,16,15,9,163,0.44830952380952366,0.4840714285714287,0.5660952380952381,13,12,6,7,9,3,3,8,9,6,115,0.4541688311688311,0.48180519480519496,0.5635584415584416,13,12,6,7,9,3,3,8,9,6,0.07894736842105263,0.15789473684210525,0.15789473684210525,0.039473684210526314,0.039473684210526314,0.21052631578947367,0.19736842105263158,0.11842105263157894,0.07799442896935933,The Front Bottoms,fear
Twin Size Mattress,teen_angst,359,0.4483095238095238,0.48407142857142865,0.566095238095238,13,20,6,12,12,3,3,16,15,9,163,0.44830952380952366,0.4840714285714287,0.5660952380952381,13,12,6,7,9,3,3,8,9,6,115,0.4541688311688311,0.48180519480519496,0.5635584415584416,13,12,6,7,9,3,3,8,9,6,0.07894736842105263,0.15789473684210525,0.15789473684210525,0.039473684210526314,0.039473684210526314,0.21052631578947367,0.19736842105263158,0.11842105263157894,0.07799442896935933,The Front Bottoms,joy
Twin Size Mattress,teen_angst,359,0.4483095238095238,0.48407142857142865,0.566095238095238,13,20,6,12,12,3,3,16,15,9,163,0.44830952380952366,0.4840714285714287,0.5660952380952381,13,12,6,7,9,3,3,8,9,6,115,0.4541688311688311,0.48180519480519496,0.5635584415584416,13,12,6,7,9,3,3,8,9,6,0.07894736842105263,0.15789473684210525,0.15789473684210525,0.039473684210526314,0.039473684210526314,0.21052631578947367,0.19736842105263158,0.11842105263157894,0.07799442896935933,The Front Bottoms,sadness
Twin Size Mattress,teen_angst,359,0.4483095238095238,0.48407142857142865,0.566095238095238,13,20,6,12,12,3,3,16,15,9,163,0.44830952380952366,0.4840714285714287,0.5660952380952381,13,12,6,7,9,3,3,8,9,6,115,0.4541688311688311,0.48180519480519496,0.5635584415584416,13,12,6,7,9,3,3,8,9,6,0.07894736842105263,0.15789473684210525,0.15789473684210525,0.039473684210526314,0.039473684210526314,0.21052631578947367,0.19736842105263158,0.11842105263157894,0.07799442896935933,The Front Bottoms,trust
Twin Size Mattress,teen_angst,359,0.4483095238095238,0.48407142857142865,0.566095238095238,13,20,6,12,12,3,3,16,15,9,163,0.44830952380952366,0.4840714285714287,0.5660952380952381,13,12,6,7,9,3,3,8,9,6,115,0.4541688311688311,0.48180519480519496,0.5635584415584416,13,12,6,7,9,3,3,8,9,6,0.07894736842105263,0.15789473684210525,0.15789473684210525,0.039473684210526314,0.039473684210526314,0.21052631578947367,0.19736842105263158,0.11842105263157894,0.07799442896935933,The Front Bottoms,anticipation
Visitation Of The Ghost,teen_angst,274,0.4457333333333334,0.5187333333333334,0.6184,39,43,1,38,7,34,4,1,1,1,66,0.44573333333333326,0.5187333333333334,0.6184,3,4,1,2,2,1,1,1,1,1,43,0.45446153846153836,0.5108846153846155,0.6096923076923078,3,4,1,2,2,1,1,1,1,1,0.011494252873563218,0.4367816091954023,0.08045977011494253,0.39080459770114945,0.04597701149425287,0.011494252873563218,0.011494252873563218,0.011494252873563218,0.058394160583941604,The Brobecks,disgust
Visitation Of The Ghost,teen_angst,274,0.4457333333333334,0.5187333333333334,0.6184,39,43,1,38,7,34,4,1,1,1,66,0.44573333333333326,0.5187333333333334,0.6184,3,4,1,2,2,1,1,1,1,1,43,0.45446153846153836,0.5108846153846155,0.6096923076923078,3,4,1,2,2,1,1,1,1,1,0.011494252873563218,0.4367816091954023,0.08045977011494253,0.39080459770114945,0.04597701149425287,0.011494252873563218,0.011494252873563218,0.011494252873563218,0.058394160583941604,The Brobecks,trust
What's Up?,teen_angst,253,0.4250833333333333,0.5109166666666666,0.5788055555555555,10,4,1,4,6,7,7,4,4,5,94,0.4250833333333333,0.5109166666666666,0.5788055555555554,8,2,1,2,5,5,5,2,1,4,55,0.4315882352941176,0.5072352941176471,0.5708823529411763,8,2,1,2,5,5,5,2,1,4,0.02631578947368421,0.10526315789473684,0.15789473684210525,0.18421052631578946,0.18421052631578946,0.10526315789473684,0.10526315789473684,0.13157894736842105,-0.09486166007905138,Mom Jeans.,sadness
What's Up?,teen_angst,253,0.4250833333333333,0.5109166666666666,0.5788055555555555,10,4,1,4,6,7,7,4,4,5,94,0.4250833333333333,0.5109166666666666,0.5788055555555554,8,2,1,2,5,5,5,2,1,4,55,0.4315882352941176,0.5072352941176471,0.5708823529411763,8,2,1,2,5,5,5,2,1,4,0.02631578947368421,0.10526315789473684,0.15789473684210525,0.18421052631578946,0.18421052631578946,0.10526315789473684,0.10526315789473684,0.13157894736842105,-0.09486166007905138,Mom Jeans.,joy
What's Up?,teen_angst,253,0.4250833333333333,0.5109166666666666,0.5788055555555555,10,4,1,4,6,7,7,4,4,5,94,0.4250833333333333,0.5109166666666666,0.5788055555555554,8,2,1,2,5,5,5,2,1,4,55,0.4315882352941176,0.5072352941176471,0.5708823529411763,8,2,1,2,5,5,5,2,1,4,0.02631578947368421,0.10526315789473684,0.15789473684210525,0.18421052631578946,0.18421052631578946,0.10526315789473684,0.10526315789473684,0.13157894736842105,-0.09486166007905138,Mom Jeans.,anger
What's Up?,teen_angst,253,0.4250833333333333,0.5109166666666666,0.5788055555555555,10,4,1,4,6,7,7,4,4,5,94,0.4250833333333333,0.5109166666666666,0.5788055555555554,8,2,1,2,5,5,5,2,1,4,55,0.4315882352941176,0.5072352941176471,0.5708823529411763,8,2,1,2,5,5,5,2,1,4,0.02631578947368421,0.10526315789473684,0.15789473684210525,0.18421052631578946,0.18421052631578946,0.10526315789473684,0.10526315789473684,0.13157894736842105,-0.09486166007905138,Mom Jeans.,disgust
What's Up?,teen_angst,253,0.4250833333333333,0.5109166666666666,0.5788055555555555,10,4,1,4,6,7,7,4,4,5,94,0.4250833333333333,0.5109166666666666,0.5788055555555554,8,2,1,2,5,5,5,2,1,4,55,0.4315882352941176,0.5072352941176471,0.5708823529411763,8,2,1,2,5,5,5,2,1,4,0.02631578947368421,0.10526315789473684,0.15789473684210525,0.18421052631578946,0.18421052631578946,0.10526315789473684,0.10526315789473684,0.13157894736842105,-0.09486166007905138,Mom Jeans.,fear
You Are Going to Hate This,teen_angst,148,0.44924324324324333,0.46908108108108115,0.5709999999999998,3,7,3,3,1,2,3,3,4,2,66,0.44924324324324333,0.46908108108108104,0.571,3,5,3,3,1,2,3,3,4,2,39,0.45890909090909093,0.47115151515151515,0.5732424242424244,3,5,3,3,1,2,3,3,4,2,0.14285714285714285,0.14285714285714285,0.047619047619047616,0.09523809523809523,0.14285714285714285,0.14285714285714285,0.19047619047619047,0.09523809523809523,0.10810810810810811,The Frights,surprise
You Are Going to Hate This,teen_angst,148,0.44924324324324333,0.46908108108108115,0.5709999999999998,3,7,3,3,1,2,3,3,4,2,66,0.44924324324324333,0.46908108108108104,0.571,3,5,3,3,1,2,3,3,4,2,39,0.45890909090909093,0.47115151515151515,0.5732424242424244,3,5,3,3,1,2,3,3,4,2,0.14285714285714285,0.14285714285714285,0.047619047619047616,0.09523809523809523,0.14285714285714285,0.14285714285714285,0.19047619047619047,0.09523809523809523,0.10810810810810811,The Frights,anticipation
You Are Going to Hate This,teen_angst,148,0.44924324324324333,0.46908108108108115,0.5709999999999998,3,7,3,3,1,2,3,3,4,2,66,0.44924324324324333,0.46908108108108104,0.571,3,5,3,3,1,2,3,3,4,2,39,0.45890909090909093,0.47115151515151515,0.5732424242424244,3,5,3,3,1,2,3,3,4,2,0.14285714285714285,0.14285714285714285,0.047619047619047616,0.09523809523809523,0.14285714285714285,0.14285714285714285,0.19047619047619047,0.09523809523809523,0.10810810810810811,The Frights,joy
You Are Going to Hate This,teen_angst,148,0.44924324324324333,0.46908108108108115,0.5709999999999998,3,7,3,3,1,2,3,3,4,2,66,0.44924324324324333,0.46908108108108104,0.571,3,5,3,3,1,2,3,3,4,2,39,0.45890909090909093,0.47115151515151515,0.5732424242424244,3,5,3,3,1,2,3,3,4,2,0.14285714285714285,0.14285714285714285,0.047619047619047616,0.09523809523809523,0.14285714285714285,0.14285714285714285,0.19047619047619047,0.09523809523809523,0.10810810810810811,The Frights,anger
You Are Going to Hate This,teen_angst,148,0.44924324324324333,0.46908108108108115,0.5709999999999998,3,7,3,3,1,2,3,3,4,2,66,0.44924324324324333,0.46908108108108104,0.571,3,5,3,3,1,2,3,3,4,2,39,0.45890909090909093,0.47115151515151515,0.5732424242424244,3,5,3,3,1,2,3,3,4,2,0.14285714285714285,0.14285714285714285,0.047619047619047616,0.09523809523809523,0.14285714285714285,0.14285714285714285,0.19047619047619047,0.09523809523809523,0.10810810810810811,The Frights,disgust
You Are Going to Hate This,teen_angst,148,0.44924324324324333,0.46908108108108115,0.5709999999999998,3,7,3,3,1,2,3,3,4,2,66,0.44924324324324333,0.46908108108108104,0.571,3,5,3,3,1,2,3,3,4,2,39,0.45890909090909093,0.47115151515151515,0.5732424242424244,3,5,3,3,1,2,3,3,4,2,0.14285714285714285,0.14285714285714285,0.047619047619047616,0.09523809523809523,0.14285714285714285,0.14285714285714285,0.19047619047619047,0.09523809523809523,0.10810810810810811,The Frights,trust
"You're Gonna Go Far, Kid",teen_angst,372,0.4792307692307691,0.5196346153846153,0.5931538461538461,15,12,5,10,2,5,14,7,6,6,121,0.47923076923076924,0.5196346153846153,0.5931538461538461,5,9,3,7,2,2,4,5,4,3,75,0.48304,0.5166399999999998,0.58968,5,9,3,7,2,2,4,5,4,3,0.09090909090909091,0.18181818181818182,0.03636363636363636,0.09090909090909091,0.2545454545454545,0.12727272727272726,0.10909090909090909,0.10909090909090909,-0.03225806451612903,The Offspring,trust
"You're Gonna Go Far, Kid",teen_angst,372,0.4792307692307691,0.5196346153846153,0.5931538461538461,15,12,5,10,2,5,14,7,6,6,121,0.47923076923076924,0.5196346153846153,0.5931538461538461,5,9,3,7,2,2,4,5,4,3,75,0.48304,0.5166399999999998,0.58968,5,9,3,7,2,2,4,5,4,3,0.09090909090909091,0.18181818181818182,0.03636363636363636,0.09090909090909091,0.2545454545454545,0.12727272727272726,0.10909090909090909,0.10909090909090909,-0.03225806451612903,The Offspring,surprise
"You're Gonna Go Far, Kid",teen_angst,372,0.4792307692307691,0.5196346153846153,0.5931538461538461,15,12,5,10,2,5,14,7,6,6,121,0.47923076923076924,0.5196346153846153,0.5931538461538461,5,9,3,7,2,2,4,5,4,3,75,0.48304,0.5166399999999998,0.58968,5,9,3,7,2,2,4,5,4,3,0.09090909090909091,0.18181818181818182,0.03636363636363636,0.09090909090909091,0.2545454545454545,0.12727272727272726,0.10909090909090909,0.10909090909090909,-0.03225806451612903,The Offspring,joy
"You're Gonna Go Far, Kid",teen_angst,372,0.4792307692307691,0.5196346153846153,0.5931538461538461,15,12,5,10,2,5,14,7,6,6,121,0.47923076923076924,0.5196346153846153,0.5931538461538461,5,9,3,7,2,2,4,5,4,3,75,0.48304,0.5166399999999998,0.58968,5,9,3,7,2,2,4,5,4,3,0.09090909090909091,0.18181818181818182,0.03636363636363636,0.09090909090909091,0.2545454545454545,0.12727272727272726,0.10909090909090909,0.10909090909090909,-0.03225806451612903,The Offspring,anger
Your Graduation,teen_angst,321,0.4376666666666666,0.47585000000000005,0.5546333333333333,8,8,4,4,0,1,2,4,9,2,124,0.4376666666666667,0.47584999999999983,0.5546333333333334,7,7,2,4,0,1,2,3,3,2,72,0.4485370370370372,0.4727592592592591,0.5467777777777778,7,7,2,4,0,1,2,3,3,2,0.15384615384615385,0.15384615384615385,0.0,0.038461538461538464,0.07692307692307693,0.15384615384615385,0.34615384615384615,0.07692307692307693,0.0,Modern Baseball,surprise
Your Graduation,teen_angst,321,0.4376666666666666,0.47585000000000005,0.5546333333333333,8,8,4,4,0,1,2,4,9,2,124,0.4376666666666667,0.47584999999999983,0.5546333333333334,7,7,2,4,0,1,2,3,3,2,72,0.4485370370370372,0.4727592592592591,0.5467777777777778,7,7,2,4,0,1,2,3,3,2,0.15384615384615385,0.15384615384615385,0.0,0.038461538461538464,0.07692307692307693,0.15384615384615385,0.34615384615384615,0.07692307692307693,0.0,Modern Baseball,trust
Your Graduation,teen_angst,321,0.4376666666666666,0.47585000000000005,0.5546333333333333,8,8,4,4,0,1,2,4,9,2,124,0.4376666666666667,0.47584999999999983,0.5546333333333334,7,7,2,4,0,1,2,3,3,2,72,0.4485370370370372,0.4727592592592591,0.5467777777777778,7,7,2,4,0,1,2,3,3,2,0.15384615384615385,0.15384615384615385,0.0,0.038461538461538464,0.07692307692307693,0.15384615384615385,0.34615384615384615,0.07692307692307693,0.0,Modern Baseball,joy
Your Graduation,teen_angst,321,0.4376666666666666,0.47585000000000005,0.5546333333333333,8,8,4,4,0,1,2,4,9,2,124,0.4376666666666667,0.47584999999999983,0.5546333333333334,7,7,2,4,0,1,2,3,3,2,72,0.4485370370370372,0.4727592592592591,0.5467777777777778,7,7,2,4,0,1,2,3,3,2,0.15384615384615385,0.15384615384615385,0.0,0.038461538461538464,0.07692307692307693,0.15384615384615385,0.34615384615384615,0.07692307692307693,0.0,Modern Baseball,anticipation
brutal,teen_angst,299,0.5010769230769229,0.5225230769230769,0.5741692307692307,21,11,3,7,19,6,14,8,12,12,128,0.5010769230769231,0.5225230769230771,0.5741692307692308,13,9,3,5,10,4,7,6,8,8,82,0.5120847457627119,0.5197457627118646,0.5656101694915253,13,9,3,5,10,4,7,6,8,8,0.037037037037037035,0.08641975308641975,0.2345679012345679,0.07407407407407407,0.1728395061728395,0.09876543209876543,0.14814814814814814,0.14814814814814814,-0.13377926421404682,Olivia Rodrigo,sadness
brutal,teen_angst,299,0.5010769230769229,0.5225230769230769,0.5741692307692307,21,11,3,7,19,6,14,8,12,12,128,0.5010769230769231,0.5225230769230771,0.5741692307692308,13,9,3,5,10,4,7,6,8,8,82,0.5120847457627119,0.5197457627118646,0.5656101694915253,13,9,3,5,10,4,7,6,8,8,0.037037037037037035,0.08641975308641975,0.2345679012345679,0.07407407407407407,0.1728395061728395,0.09876543209876543,0.14814814814814814,0.14814814814814814,-0.13377926421404682,Olivia Rodrigo,fear
brutal,teen_angst,299,0.5010769230769229,0.5225230769230769,0.5741692307692307,21,11,3,7,19,6,14,8,12,12,128,0.5010769230769231,0.5225230769230771,0.5741692307692308,13,9,3,5,10,4,7,6,8,8,82,0.5120847457627119,0.5197457627118646,0.5656101694915253,13,9,3,5,10,4,7,6,8,8,0.037037037037037035,0.08641975308641975,0.2345679012345679,0.07407407407407407,0.1728395061728395,0.09876543209876543,0.14814814814814814,0.14814814814814814,-0.13377926421404682,Olivia Rodrigo,anger
brutal,teen_angst,299,0.5010769230769229,0.5225230769230769,0.5741692307692307,21,11,3,7,19,6,14,8,12,12,128,0.5010769230769231,0.5225230769230771,0.5741692307692308,13,9,3,5,10,4,7,6,8,8,82,0.5120847457627119,0.5197457627118646,0.5656101694915253,13,9,3,5,10,4,7,6,8,8,0.037037037037037035,0.08641975308641975,0.2345679012345679,0.07407407407407407,0.1728395061728395,0.09876543209876543,0.14814814814814814,0.14814814814814814,-0.13377926421404682,Olivia Rodrigo,anticipation
girls just wanna have sex,teen_angst,239,0.4632222222222222,0.5161388888888889,0.6042777777777779,1,8,2,7,3,1,1,7,9,1,84,0.4632222222222222,0.5161388888888889,0.604277777777778,1,4,2,3,2,1,1,3,5,1,51,0.46603030303030313,0.5150909090909092,0.595909090909091,1,4,2,3,2,1,1,3,5,1,0.06451612903225806,0.22580645161290322,0.0967741935483871,0.03225806451612903,0.03225806451612903,0.22580645161290322,0.2903225806451613,0.03225806451612903,0.11715481171548117,mazie,anticipation
girls just wanna have sex,teen_angst,239,0.4632222222222222,0.5161388888888889,0.6042777777777779,1,8,2,7,3,1,1,7,9,1,84,0.4632222222222222,0.5161388888888889,0.604277777777778,1,4,2,3,2,1,1,3,5,1,51,0.46603030303030313,0.5150909090909092,0.595909090909091,1,4,2,3,2,1,1,3,5,1,0.06451612903225806,0.22580645161290322,0.0967741935483871,0.03225806451612903,0.03225806451612903,0.22580645161290322,0.2903225806451613,0.03225806451612903,0.11715481171548117,mazie,joy
girls just wanna have sex,teen_angst,239,0.4632222222222222,0.5161388888888889,0.6042777777777779,1,8,2,7,3,1,1,7,9,1,84,0.4632222222222222,0.5161388888888889,0.604277777777778,1,4,2,3,2,1,1,3,5,1,51,0.46603030303030313,0.5150909090909092,0.595909090909091,1,4,2,3,2,1,1,3,5,1,0.06451612903225806,0.22580645161290322,0.0967741935483871,0.03225806451612903,0.03225806451612903,0.22580645161290322,0.2903225806451613,0.03225806451612903,0.11715481171548117,mazie,trust
how could you do this to me?,teen_angst,341,0.43534146341463426,0.502048780487805,0.6051951219512195,7,3,6,0,6,6,6,2,2,1,97,0.43534146341463414,0.502048780487805,0.6051951219512196,3,2,2,0,2,2,2,1,1,1,54,0.4449714285714286,0.49851428571428574,0.6042285714285716,3,2,2,0,2,2,2,1,1,1,0.20689655172413793,0.0,0.20689655172413793,0.20689655172413793,0.20689655172413793,0.06896551724137931,0.06896551724137931,0.034482758620689655,-0.0469208211143695,Maggie Lindemann,fear
how could you do this to me?,teen_angst,341,0.43534146341463426,0.502048780487805,0.6051951219512195,7,3,6,0,6,6,6,2,2,1,97,0.43534146341463414,0.502048780487805,0.6051951219512196,3,2,2,0,2,2,2,1,1,1,54,0.4449714285714286,0.49851428571428574,0.6042285714285716,3,2,2,0,2,2,2,1,1,1,0.20689655172413793,0.0,0.20689655172413793,0.20689655172413793,0.20689655172413793,0.06896551724137931,0.06896551724137931,0.034482758620689655,-0.0469208211143695,Maggie Lindemann,disgust
how could you do this to me?,teen_angst,341,0.43534146341463426,0.502048780487805,0.6051951219512195,7,3,6,0,6,6,6,2,2,1,97,0.43534146341463414,0.502048780487805,0.6051951219512196,3,2,2,0,2,2,2,1,1,1,54,0.4449714285714286,0.49851428571428574,0.6042285714285716,3,2,2,0,2,2,2,1,1,1,0.20689655172413793,0.0,0.20689655172413793,0.20689655172413793,0.20689655172413793,0.06896551724137931,0.06896551724137931,0.034482758620689655,-0.0469208211143695,Kellin Quinn,anger
how could you do this to me?,teen_angst,341,0.43534146341463426,0.502048780487805,0.6051951219512195,7,3,6,0,6,6,6,2,2,1,97,0.43534146341463414,0.502048780487805,0.6051951219512196,3,2,2,0,2,2,2,1,1,1,54,0.4449714285714286,0.49851428571428574,0.6042285714285716,3,2,2,0,2,2,2,1,1,1,0.20689655172413793,0.0,0.20689655172413793,0.20689655172413793,0.20689655172413793,0.06896551724137931,0.06896551724137931,0.034482758620689655,-0.0469208211143695,Kellin Quinn,disgust
how could you do this to me?,teen_angst,341,0.43534146341463426,0.502048780487805,0.6051951219512195,7,3,6,0,6,6,6,2,2,1,97,0.43534146341463414,0.502048780487805,0.6051951219512196,3,2,2,0,2,2,2,1,1,1,54,0.4449714285714286,0.49851428571428574,0.6042285714285716,3,2,2,0,2,2,2,1,1,1,0.20689655172413793,0.0,0.20689655172413793,0.20689655172413793,0.20689655172413793,0.06896551724137931,0.06896551724137931,0.034482758620689655,-0.0469208211143695,Kellin Quinn,surprise
how could you do this to me?,teen_angst,341,0.43534146341463426,0.502048780487805,0.6051951219512195,7,3,6,0,6,6,6,2,2,1,97,0.43534146341463414,0.502048780487805,0.6051951219512196,3,2,2,0,2,2,2,1,1,1,54,0.4449714285714286,0.49851428571428574,0.6042285714285716,3,2,2,0,2,2,2,1,1,1,0.20689655172413793,0.0,0.20689655172413793,0.20689655172413793,0.20689655172413793,0.06896551724137931,0.06896551724137931,0.034482758620689655,-0.0469208211143695,Maggie Lindemann,surprise
how could you do this to me?,teen_angst,341,0.43534146341463426,0.502048780487805,0.6051951219512195,7,3,6,0,6,6,6,2,2,1,97,0.43534146341463414,0.502048780487805,0.6051951219512196,3,2,2,0,2,2,2,1,1,1,54,0.4449714285714286,0.49851428571428574,0.6042285714285716,3,2,2,0,2,2,2,1,1,1,0.20689655172413793,0.0,0.20689655172413793,0.20689655172413793,0.20689655172413793,0.06896551724137931,0.06896551724137931,0.034482758620689655,-0.0469208211143695,Maggie Lindemann,anger
how could you do this to me?,teen_angst,341,0.43534146341463426,0.502048780487805,0.6051951219512195,7,3,6,0,6,6,6,2,2,1,97,0.43534146341463414,0.502048780487805,0.6051951219512196,3,2,2,0,2,2,2,1,1,1,54,0.4449714285714286,0.49851428571428574,0.6042285714285716,3,2,2,0,2,2,2,1,1,1,0.20689655172413793,0.0,0.20689655172413793,0.20689655172413793,0.20689655172413793,0.06896551724137931,0.06896551724137931,0.034482758620689655,-0.0469208211143695,Kellin Quinn,fear
i'm gonna tell my therapist on you,teen_angst,207,0.4709642857142858,0.4480714285714286,0.4938571428571429,16,1,3,1,4,3,6,1,3,7,66,0.47096428571428567,0.4480714285714286,0.4938571428571429,7,1,2,1,3,2,3,1,2,3,37,0.47559999999999997,0.43852,0.46956000000000003,7,1,2,1,3,2,3,1,2,3,0.10714285714285714,0.03571428571428571,0.14285714285714285,0.10714285714285714,0.21428571428571427,0.03571428571428571,0.10714285714285714,0.25,-0.2898550724637681,Pinkshift,sadness
i'm gonna tell my therapist on you,teen_angst,207,0.4709642857142858,0.4480714285714286,0.4938571428571429,16,1,3,1,4,3,6,1,3,7,66,0.47096428571428567,0.4480714285714286,0.4938571428571429,7,1,2,1,3,2,3,1,2,3,37,0.47559999999999997,0.43852,0.46956000000000003,7,1,2,1,3,2,3,1,2,3,0.10714285714285714,0.03571428571428571,0.14285714285714285,0.10714285714285714,0.21428571428571427,0.03571428571428571,0.10714285714285714,0.25,-0.2898550724637681,Pinkshift,surprise
i'm gonna tell my therapist on you,teen_angst,207,0.4709642857142858,0.4480714285714286,0.4938571428571429,16,1,3,1,4,3,6,1,3,7,66,0.47096428571428567,0.4480714285714286,0.4938571428571429,7,1,2,1,3,2,3,1,2,3,37,0.47559999999999997,0.43852,0.46956000000000003,7,1,2,1,3,2,3,1,2,3,0.10714285714285714,0.03571428571428571,0.14285714285714285,0.10714285714285714,0.21428571428571427,0.03571428571428571,0.10714285714285714,0.25,-0.2898550724637681,Pinkshift,disgust
i'm gonna tell my therapist on you,teen_angst,207,0.4709642857142858,0.4480714285714286,0.4938571428571429,16,1,3,1,4,3,6,1,3,7,66,0.47096428571428567,0.4480714285714286,0.4938571428571429,7,1,2,1,3,2,3,1,2,3,37,0.47559999999999997,0.43852,0.46956000000000003,7,1,2,1,3,2,3,1,2,3,0.10714285714285714,0.03571428571428571,0.14285714285714285,0.10714285714285714,0.21428571428571427,0.03571428571428571,0.10714285714285714,0.25,-0.2898550724637681,Pinkshift,anger
please put me in a medically induced coma,teen_angst,315,0.4583333333333332,0.4877708333333332,0.5488541666666669,16,3,0,3,12,3,7,2,3,14,97,0.4583333333333335,0.48777083333333326,0.5488541666666668,9,2,0,2,5,3,5,1,1,7,66,0.46586046511627915,0.48155813953488363,0.5384186046511629,9,2,0,2,5,3,5,1,1,7,0.0,0.06818181818181818,0.2727272727272727,0.06818181818181818,0.1590909090909091,0.045454545454545456,0.06818181818181818,0.3181818181818182,-0.16507936507936508,carolesdaughter,sadness
please put me in a medically induced coma,teen_angst,315,0.4583333333333332,0.4877708333333332,0.5488541666666669,16,3,0,3,12,3,7,2,3,14,97,0.4583333333333335,0.48777083333333326,0.5488541666666668,9,2,0,2,5,3,5,1,1,7,66,0.46586046511627915,0.48155813953488363,0.5384186046511629,9,2,0,2,5,3,5,1,1,7,0.0,0.06818181818181818,0.2727272727272727,0.06818181818181818,0.1590909090909091,0.045454545454545456,0.06818181818181818,0.3181818181818182,-0.16507936507936508,carolesdaughter,fear
please put me in a medically induced coma,teen_angst,315,0.4583333333333332,0.4877708333333332,0.5488541666666669,16,3,0,3,12,3,7,2,3,14,97,0.4583333333333335,0.48777083333333326,0.5488541666666668,9,2,0,2,5,3,5,1,1,7,66,0.46586046511627915,0.48155813953488363,0.5384186046511629,9,2,0,2,5,3,5,1,1,7,0.0,0.06818181818181818,0.2727272727272727,0.06818181818181818,0.1590909090909091,0.045454545454545456,0.06818181818181818,0.3181818181818182,-0.16507936507936508,carolesdaughter,anger
sTraNgeRs,teen_angst,367,0.4827037037037038,0.4763333333333333,0.5228518518518519,36,16,6,11,33,4,4,8,3,25,109,0.4827037037037038,0.47633333333333333,0.522851851851852,8,7,3,6,7,3,3,4,3,4,61,0.4974255319148938,0.47146808510638294,0.5122553191489362,8,7,3,6,7,3,3,4,3,4,0.06382978723404255,0.11702127659574468,0.35106382978723405,0.0425531914893617,0.0425531914893617,0.0851063829787234,0.031914893617021274,0.26595744680851063,-0.21798365122615804,Bring Me The Horizon,trust
sTraNgeRs,teen_angst,367,0.4827037037037038,0.4763333333333333,0.5228518518518519,36,16,6,11,33,4,4,8,3,25,109,0.4827037037037038,0.47633333333333333,0.522851851851852,8,7,3,6,7,3,3,4,3,4,61,0.4974255319148938,0.47146808510638294,0.5122553191489362,8,7,3,6,7,3,3,4,3,4,0.06382978723404255,0.11702127659574468,0.35106382978723405,0.0425531914893617,0.0425531914893617,0.0851063829787234,0.031914893617021274,0.26595744680851063,-0.21798365122615804,Bring Me The Horizon,sadness
sTraNgeRs,teen_angst,367,0.4827037037037038,0.4763333333333333,0.5228518518518519,36,16,6,11,33,4,4,8,3,25,109,0.4827037037037038,0.47633333333333333,0.522851851851852,8,7,3,6,7,3,3,4,3,4,61,0.4974255319148938,0.47146808510638294,0.5122553191489362,8,7,3,6,7,3,3,4,3,4,0.06382978723404255,0.11702127659574468,0.35106382978723405,0.0425531914893617,0.0425531914893617,0.0851063829787234,0.031914893617021274,0.26595744680851063,-0.21798365122615804,Bring Me The Horizon,fear
t r a n s p a r e n t s o u l feat. Travis Barker,teen_angst,263,0.4844324324324324,0.4878108108108109,0.5593513513513513,11,6,4,8,6,3,5,4,4,5,92,0.4844324324324325,0.487810810810811,0.5593513513513515,9,5,3,7,5,3,4,4,3,5,54,0.48847058823529416,0.4801176470588236,0.549,9,5,3,7,5,3,4,4,3,5,0.10256410256410256,0.20512820512820512,0.15384615384615385,0.07692307692307693,0.1282051282051282,0.10256410256410256,0.10256410256410256,0.1282051282051282,-0.07604562737642585,Travis Barker,surprise
t r a n s p a r e n t s o u l feat. Travis Barker,teen_angst,263,0.4844324324324324,0.4878108108108109,0.5593513513513513,11,6,4,8,6,3,5,4,4,5,92,0.4844324324324325,0.487810810810811,0.5593513513513515,9,5,3,7,5,3,4,4,3,5,54,0.48847058823529416,0.4801176470588236,0.549,9,5,3,7,5,3,4,4,3,5,0.10256410256410256,0.20512820512820512,0.15384615384615385,0.07692307692307693,0.1282051282051282,0.10256410256410256,0.10256410256410256,0.1282051282051282,-0.07604562737642585,WILLOW,sadness
t r a n s p a r e n t s o u l feat. Travis Barker,teen_angst,263,0.4844324324324324,0.4878108108108109,0.5593513513513513,11,6,4,8,6,3,5,4,4,5,92,0.4844324324324325,0.487810810810811,0.5593513513513515,9,5,3,7,5,3,4,4,3,5,54,0.48847058823529416,0.4801176470588236,0.549,9,5,3,7,5,3,4,4,3,5,0.10256410256410256,0.20512820512820512,0.15384615384615385,0.07692307692307693,0.1282051282051282,0.10256410256410256,0.10256410256410256,0.1282051282051282,-0.07604562737642585,Travis Barker,trust
t r a n s p a r e n t s o u l feat. Travis Barker,teen_angst,263,0.4844324324324324,0.4878108108108109,0.5593513513513513,11,6,4,8,6,3,5,4,4,5,92,0.4844324324324325,0.487810810810811,0.5593513513513515,9,5,3,7,5,3,4,4,3,5,54,0.48847058823529416,0.4801176470588236,0.549,9,5,3,7,5,3,4,4,3,5,0.10256410256410256,0.20512820512820512,0.15384615384615385,0.07692307692307693,0.1282051282051282,0.10256410256410256,0.10256410256410256,0.1282051282051282,-0.07604562737642585,WILLOW,anger
t r a n s p a r e n t s o u l feat. Travis Barker,teen_angst,263,0.4844324324324324,0.4878108108108109,0.5593513513513513,11,6,4,8,6,3,5,4,4,5,92,0.4844324324324325,0.487810810810811,0.5593513513513515,9,5,3,7,5,3,4,4,3,5,54,0.48847058823529416,0.4801176470588236,0.549,9,5,3,7,5,3,4,4,3,5,0.10256410256410256,0.20512820512820512,0.15384615384615385,0.07692307692307693,0.1282051282051282,0.10256410256410256,0.10256410256410256,0.1282051282051282,-0.07604562737642585,Travis Barker,fear
t r a n s p a r e n t s o u l feat. Travis Barker,teen_angst,263,0.4844324324324324,0.4878108108108109,0.5593513513513513,11,6,4,8,6,3,5,4,4,5,92,0.4844324324324325,0.487810810810811,0.5593513513513515,9,5,3,7,5,3,4,4,3,5,54,0.48847058823529416,0.4801176470588236,0.549,9,5,3,7,5,3,4,4,3,5,0.10256410256410256,0.20512820512820512,0.15384615384615385,0.07692307692307693,0.1282051282051282,0.10256410256410256,0.10256410256410256,0.1282051282051282,-0.07604562737642585,Travis Barker,anger
t r a n s p a r e n t s o u l feat. Travis Barker,teen_angst,263,0.4844324324324324,0.4878108108108109,0.5593513513513513,11,6,4,8,6,3,5,4,4,5,92,0.4844324324324325,0.487810810810811,0.5593513513513515,9,5,3,7,5,3,4,4,3,5,54,0.48847058823529416,0.4801176470588236,0.549,9,5,3,7,5,3,4,4,3,5,0.10256410256410256,0.20512820512820512,0.15384615384615385,0.07692307692307693,0.1282051282051282,0.10256410256410256,0.10256410256410256,0.1282051282051282,-0.07604562737642585,Travis Barker,sadness
t r a n s p a r e n t s o u l feat. Travis Barker,teen_angst,263,0.4844324324324324,0.4878108108108109,0.5593513513513513,11,6,4,8,6,3,5,4,4,5,92,0.4844324324324325,0.487810810810811,0.5593513513513515,9,5,3,7,5,3,4,4,3,5,54,0.48847058823529416,0.4801176470588236,0.549,9,5,3,7,5,3,4,4,3,5,0.10256410256410256,0.20512820512820512,0.15384615384615385,0.07692307692307693,0.1282051282051282,0.10256410256410256,0.10256410256410256,0.1282051282051282,-0.07604562737642585,WILLOW,fear
t r a n s p a r e n t s o u l feat. Travis Barker,teen_angst,263,0.4844324324324324,0.4878108108108109,0.5593513513513513,11,6,4,8,6,3,5,4,4,5,92,0.4844324324324325,0.487810810810811,0.5593513513513515,9,5,3,7,5,3,4,4,3,5,54,0.48847058823529416,0.4801176470588236,0.549,9,5,3,7,5,3,4,4,3,5,0.10256410256410256,0.20512820512820512,0.15384615384615385,0.07692307692307693,0.1282051282051282,0.10256410256410256,0.10256410256410256,0.1282051282051282,-0.07604562737642585,WILLOW,trust
t r a n s p a r e n t s o u l feat. Travis Barker,teen_angst,263,0.4844324324324324,0.4878108108108109,0.5593513513513513,11,6,4,8,6,3,5,4,4,5,92,0.4844324324324325,0.487810810810811,0.5593513513513515,9,5,3,7,5,3,4,4,3,5,54,0.48847058823529416,0.4801176470588236,0.549,9,5,3,7,5,3,4,4,3,5,0.10256410256410256,0.20512820512820512,0.15384615384615385,0.07692307692307693,0.1282051282051282,0.10256410256410256,0.10256410256410256,0.1282051282051282,-0.07604562737642585,WILLOW,surprise
