,title,artist,valence,arousal,dominance,anger,anticipation,disgust,fear,joy,sadness,surprise,trust,anger_u,anticipation_u,disgust_u,fear_u,joy_u,sadness_u,surprise_u,trust_u,n_words,n_words_u
0,1 On 3 (feat. Rvssian),Fivio Foreign::Rvssian,0.5332105263157895,0.540438596491228,0.5378771929824562,21,6,5,28,10,15,7,12,10,4,3,11,4,7,3,6,232,94
1,"1 step forward, 3 steps back",Olivia Rodrigo,0.5997380952380953,0.48214285714285704,0.49228571428571427,10,11,9,12,14,20,7,20,5,7,4,7,8,9,3,10,144,68
2,18,Anson Seabra,0.5995769230769231,0.43534615384615394,0.48357692307692307,4,6,3,6,6,9,7,4,3,3,2,4,3,5,4,2,98,44
3,2 Be Loved (Am I Ready),Lizzo,0.56825,0.5166590909090911,0.503340909090909,11,48,7,7,60,32,27,65,6,7,5,5,8,6,6,11,258,94
4,2 Be Loved (Am I Ready),Lizzo,0.56825,0.5166590909090911,0.503340909090909,11,48,7,7,60,32,27,65,6,7,5,5,8,6,6,11,258,94
5,2 Be Loved (Am I Ready),Lizzo,0.56825,0.5166590909090911,0.503340909090909,11,48,7,7,60,32,27,65,6,7,5,5,8,6,6,11,258,94
6,28,Jack Kays,0.5018571428571429,0.4048857142857143,0.41122857142857155,7,17,5,10,5,9,8,8,5,12,5,8,5,9,6,8,93,65
7,2step,Ed Sheeran,0.5415753424657535,0.4506575342465753,0.4617808219178082,19,18,12,16,21,25,23,26,12,6,7,11,8,13,9,11,222,106
8,3 Nights,Dominic Fike,0.5499215686274512,0.40515686274509805,0.4653137254901961,9,30,5,8,9,32,5,32,8,8,4,6,6,11,4,8,183,90
9,3 outfits,Tai Verdes,0.6225053763440862,0.4325483870967743,0.4831182795698927,4,28,2,11,26,15,9,25,4,11,2,6,8,6,5,9,238,134
10,A Lack of Color,Death Cab for Cutie,0.5608333333333332,0.45493333333333336,0.5337999999999998,3,9,3,5,4,7,2,7,2,7,2,4,3,6,1,5,65,49
11,A Second to Midnight,Kylie Minogue::Years & Years,0.6047380952380952,0.4550000000000002,0.554952380952381,4,19,1,7,15,4,2,22,2,7,1,3,7,2,2,8,192,67
12,A Soulmate Who Wasn’t Meant to Be,Jess Benko,0.6350000000000001,0.44966666666666666,0.5147777777777779,2,8,4,15,6,6,9,9,2,5,2,5,4,5,4,6,102,46
13,A-O-K,Tai Verdes,0.590857142857143,0.4600238095238094,0.48566666666666664,10,8,8,12,8,11,3,8,9,6,7,9,8,7,3,8,199,81
14,A-O-K,Tai Verdes,0.590857142857143,0.4600238095238094,0.48566666666666664,10,8,8,12,8,11,3,8,9,6,7,9,8,7,3,8,199,81
15,About Damn Time,Lizzo,0.5381250000000001,0.47365624999999995,0.478375,23,19,20,12,10,16,10,10,7,4,7,6,4,7,4,4,199,73
16,About Damn Time,Lizzo,0.5381250000000001,0.47365624999999995,0.478375,23,19,20,12,10,16,10,10,7,4,7,6,4,7,4,4,199,73
17,About Damn Time,Lizzo,0.5381250000000001,0.47365624999999995,0.478375,23,19,20,12,10,16,10,10,7,4,7,6,4,7,4,4,199,73
18,Above It All,Saint Asonia,0.4946842105263157,0.5217894736842106,0.48752631578947375,8,18,9,13,18,19,6,11,4,5,5,9,4,12,2,5,80,31
19,Afraid To Feel,LF SYSTEM,0.6149583333333333,0.4936249999999999,0.5244583333333332,8,16,5,10,18,5,8,23,2,3,1,2,4,1,2,5,161,33
20,Agree to Disagree,Sleeping With Sirens,0.6061333333333333,0.38430000000000003,0.49776666666666664,12,9,2,6,13,13,2,21,4,6,1,5,4,5,1,5,110,50
21,Alive,Zeds Dead::MKLA,0.5872380952380952,0.46419047619047615,0.4965714285714286,10,18,1,7,17,4,2,17,4,2,1,4,1,3,2,1,77,26
22,All I Want,Kodaline,0.6112499999999998,0.3885,0.4400416666666666,2,5,3,4,8,15,7,8,1,2,2,3,4,6,2,4,89,49
23,All Too Well (Taylor's Version),Taylor Swift,0.5858522727272729,0.3990340909090911,0.4462272727272725,8,12,6,7,15,17,6,19,7,10,6,6,10,12,6,14,199,140
24,Alone Again,Asking Alexandria,0.5862758620689654,0.4189655172413793,0.483,3,25,2,6,16,7,7,16,2,6,1,4,4,5,2,4,105,43
25,Alone Together,Del Water Gap,0.5379393939393942,0.49136363636363634,0.4713333333333333,3,11,4,14,10,22,9,11,3,4,4,6,2,8,3,3,118,57
26,Always Be There,Jonas Blue::Louisa Johnson,0.5377333333333333,0.3756333333333333,0.4445333333333333,2,6,2,11,1,13,2,13,1,5,1,4,1,6,1,6,139,50
27,Always Love,Lauren Jauregui,0.5930434782608696,0.43656521739130427,0.5003913043478261,4,27,5,9,26,28,22,26,2,5,3,4,5,5,2,5,104,41
28,Always Southern California,P.O.D.,0.6049487179487179,0.401974358974359,0.4518717948717948,1,6,1,2,2,3,3,5,1,6,1,2,2,3,3,5,169,68
29,Amazonia,Gojira,0.5049743589743589,0.48171794871794876,0.545076923076923,14,10,7,24,10,13,3,15,10,6,5,15,5,8,1,8,85,56
30,Ambition For Cash,Key Glock,0.5401923076923077,0.44525,0.48405769230769213,26,19,16,21,16,15,4,30,10,10,7,8,8,7,4,12,250,96
31,American Beauty,Drew Holcomb & The Neighbors,0.6379600000000001,0.51532,0.56628,4,19,0,6,21,6,8,13,2,8,0,4,9,3,5,5,78,36
32,American Idiot,Green Day,0.563857142857143,0.5125000000000001,0.4949642857142857,12,6,6,7,8,7,0,12,4,4,2,4,4,4,0,7,91,44
33,Amsterdam,Gregory Alan Isakov,0.58184,0.45932,0.5202399999999999,4,3,3,5,2,3,2,3,3,3,2,4,2,2,1,3,42,38
34,Anchor,Novo Amor,0.6262592592592594,0.48488888888888904,0.5061111111111111,2,14,5,10,11,11,10,10,1,6,3,4,4,4,3,4,81,44
35,Animal,Sir Chloe,0.6408888888888888,0.41588888888888886,0.5135000000000001,6,4,5,2,20,8,4,12,3,2,3,1,4,3,2,3,78,25
36,Animals,Architects,0.4788333333333332,0.4832333333333333,0.4388333333333333,3,9,5,11,13,11,3,9,2,6,3,6,6,6,2,6,118,51
37,Another Life,Motionless In White,0.5027142857142858,0.4679523809523811,0.42492857142857143,23,8,18,27,10,32,7,11,11,4,7,13,6,16,3,7,103,66
38,"As Above, So Below",In This Moment,0.567918918918919,0.4076756756756757,0.48240540540540533,9,14,9,14,8,6,2,15,5,3,5,5,4,4,1,6,190,56
39,As It Was,Harry Styles,0.635818181818182,0.37612121212121213,0.5089696969696971,2,3,0,0,3,6,3,6,1,2,0,0,3,3,2,6,87,57
40,As the World Caves In,Sarah Cothran,0.47674999999999984,0.4842954545454546,0.4867500000000001,7,11,7,8,7,12,6,11,5,8,4,5,5,9,4,7,87,60
41,Ask Me,Duck Sauce::A-Trak::Armand Van Helden,0.663705882352941,0.4117647058823529,0.5634705882352941,0,4,9,1,3,2,0,13,0,4,1,1,3,2,0,5,63,28
42,Astronomy,Conan Gray,0.6418124999999999,0.43912500000000015,0.5152083333333333,4,18,4,7,15,9,4,17,2,10,2,5,7,6,3,9,142,75
43,At Least I Had Fun,Martin Jensen::RANI,0.6185405405405405,0.47078378378378377,0.4850540540540541,6,25,4,4,28,10,7,15,4,8,3,3,8,6,5,7,137,52
44,Atrévete-Te-Te,Calle 13,0.5176190476190475,0.4924761904761904,0.5415238095238093,2,1,2,3,2,3,1,5,2,1,2,3,2,3,1,4,434,173
45,Augusta,Gracie Abrams,0.5493928571428571,0.44989285714285726,0.4691071428571427,5,4,4,8,6,24,3,8,4,3,3,7,3,12,2,5,63,46
46,Awake,Godsmack,0.5344285714285714,0.4563571428571428,0.4515357142857143,4,7,3,7,8,7,3,8,4,4,3,7,5,7,3,5,57,45
47,B.O.B. - Bombs Over Baghdad,Outkast,0.530638157894737,0.46555263157894755,0.49912499999999993,63,46,40,52,53,45,40,57,21,13,12,24,11,19,6,14,477,262
48,BAILAR CONTIGO,Black Eyed Peas::Daddy Yankee,0.5591836734693877,0.4918979591836736,0.507591836734694,13,14,3,17,9,10,4,6,7,7,3,7,4,4,3,4,320,139
49,BILLIE EILISH.,Armani White,0.5407288135593222,0.48511864406779653,0.4774067796610168,27,9,16,24,8,24,1,11,8,5,3,5,4,5,1,6,191,86
50,BIZCOCHITO,ROSALÍA,0.41277777777777774,0.4285555555555556,0.35444444444444445,2,0,0,0,0,0,0,1,1,0,0,0,0,0,0,1,292,82
51,BLOW OUT MY CANDLE,Betty Who,0.5308444444444445,0.4578444444444444,0.4626888888888889,10,1,7,17,7,12,0,9,4,1,2,4,3,6,0,5,175,70
52,BURN IT,FEVER 333,0.5444909090909089,0.4998181818181817,0.5546545454545456,14,30,11,30,31,16,7,32,7,14,8,14,12,12,5,12,206,96
53,Baby Girl,Disco Lines,0.5521999999999999,0.4906571428571429,0.46494285714285716,11,6,9,7,12,14,6,18,7,5,6,4,6,7,4,9,75,52
54,Back In Black,AC/DC,0.5570540540540542,0.5283243243243242,0.5162972972972973,11,6,6,17,5,19,6,3,9,6,5,8,5,10,6,3,159,65
55,Back to Autumn,Tall Heights,0.525075,0.41677500000000006,0.4558500000000002,17,6,10,17,8,16,7,13,9,3,5,9,5,8,4,7,93,54
56,Back to My Ways,John Vincent III,0.58784375,0.38971874999999995,0.43725,3,3,3,5,2,4,0,5,3,3,3,5,2,4,0,5,62,40
57,Ball If I Want To,DaBaby,0.5482375,0.4711249999999999,0.46411250000000015,28,12,21,26,18,31,14,17,11,8,6,12,7,6,7,7,277,127
58,Banana Clip,Miguel,0.5708695652173913,0.4825652173913044,0.5078695652173915,3,28,2,6,53,20,21,52,3,5,2,6,9,5,4,10,275,90
59,Beachboy,McCafferty,0.5790634920634921,0.4582063492063493,0.498031746031746,22,22,7,19,29,19,14,28,8,9,3,9,10,9,6,10,217,98
60,Bedroom Eyes (feat. Studio Killers),The Knocks::Studio Killers,0.51725,0.47535,0.4471499999999999,5,16,2,7,36,12,10,18,2,5,2,3,7,3,2,5,234,35
61,Before I Forget,Slipknot,0.4462558139534884,0.43199999999999994,0.43265116279069765,11,5,19,17,5,9,5,11,9,4,11,9,4,8,5,8,160,75
62,Beg For You (feat. Rina Sawayama),Charli XCX::Rina Sawayama,0.5772571428571428,0.44525714285714285,0.46171428571428563,2,9,2,5,4,36,23,1,2,6,2,4,3,7,4,1,168,62
63,Beg For You (feat. Rina Sawayama),Charli XCX::Rina Sawayama,0.5772571428571428,0.44525714285714285,0.46171428571428563,2,9,2,5,4,36,23,1,2,6,2,4,3,7,4,1,168,62
64,Bejeweled,Taylor Swift,0.6466491228070175,0.41680701754385974,0.5403859649122807,3,15,4,21,20,19,7,26,1,11,2,6,12,6,6,14,211,91
65,Best Days,Alessia Cara,0.5779032258064517,0.42448387096774204,0.5060645161290321,4,4,3,7,4,5,1,7,3,4,2,6,3,4,1,5,94,49
66,Best They Ever Had,ROZES,0.47413953488372096,0.5153488372093024,0.45758139534883735,12,17,5,12,10,27,18,12,6,6,4,5,5,12,8,6,145,67
67,Better Than Me,The Brobecks,0.5846451612903226,0.47338709677419344,0.49596774193548376,5,5,3,1,7,2,5,10,4,4,3,1,4,2,3,7,104,59
68,Better Version,FLETCHER,0.6386170212765958,0.4737659574468085,0.5260425531914894,6,13,5,10,18,12,5,26,4,8,3,7,11,7,3,13,147,72
69,Betty (Get Money),Yung Gravy,0.5593972602739729,0.45830136986301384,0.4779178082191782,40,38,11,11,40,13,29,37,12,10,8,9,8,10,4,8,266,131
70,Big Jet Plane,Angus & Julia Stone,0.65825,0.5371875,0.554,8,4,4,6,5,4,3,1,4,2,2,3,3,2,1,1,133,28
71,Bigger Than The Whole Sky,Taylor Swift,0.5424333333333334,0.3460666666666668,0.4196,4,8,2,4,1,7,1,5,3,4,2,4,1,5,1,4,111,48
72,Billie (loving arms),Fred again..,0.6119090909090908,0.5142727272727273,0.5085454545454545,21,19,8,19,39,19,20,34,4,2,2,2,5,2,3,5,217,23
73,Bitter,Palace,0.526263157894737,0.47123684210526295,0.47728947368421054,13,3,6,8,7,10,7,10,7,3,1,6,7,4,6,10,85,53
74,Black And White,Niall Horan,0.6475106382978721,0.3972765957446809,0.518404255319149,2,23,1,5,37,16,12,33,2,10,1,2,11,3,4,10,164,71
75,Black Hole,We Came As Romans::Caleb Shomo,0.5392333333333333,0.45476666666666676,0.4723666666666667,12,11,4,25,11,29,5,18,4,4,1,6,4,7,2,7,107,42
76,Blackberry Song,Kurt Vile,0.663,0.4365925925925926,0.49859259259259264,1,7,0,3,7,6,3,8,1,7,0,3,6,6,3,7,44,40
77,Bled for Days,Static-X,0.4626800000000001,0.4818800000000001,0.47251999999999994,6,3,4,5,2,8,3,4,5,3,3,4,2,6,3,4,53,32
78,Blick Blick (with Nicki Minaj),Coi Leray::Nicki Minaj,0.5495714285714287,0.48723809523809536,0.47402380952380935,15,18,11,23,17,12,16,25,7,8,5,9,7,6,5,9,371,169
79,Blind,Saint Asonia,0.47952380952380963,0.44823809523809516,0.437690476190476,11,2,8,23,2,14,1,3,7,1,5,13,1,9,1,2,94,60
80,Block me out,Gracie Abrams,0.5631132075471699,0.4716603773584906,0.503188679245283,12,22,14,16,15,20,10,20,4,8,7,8,8,11,4,12,159,84
81,Blood,Breaking Benjamin,0.41044444444444445,0.5390277777777777,0.4507222222222223,12,6,6,13,4,20,3,7,9,3,4,10,3,13,2,6,100,52
82,Blood Red Sentimental Blues,Cotton Jones,0.5377096774193548,0.46280645161290324,0.4585483870967742,4,5,10,10,2,6,2,5,2,3,6,6,1,4,1,3,84,47
83,Blow,Moneybagg Yo,0.5008476190476192,0.4824476190476189,0.47328571428571414,56,43,12,20,46,13,35,48,15,9,8,11,9,8,4,12,420,188
84,Blue Ridge Mountains,Fleet Foxes,0.6511395348837209,0.3952093023255814,0.4769069767441861,7,18,5,11,12,13,5,15,4,10,3,7,7,8,3,9,107,71
85,Bodies,Drowning Pool,0.40435,0.49639999999999995,0.4171499999999999,40,0,13,14,0,15,1,0,4,0,2,3,0,4,1,0,227,31
86,Bohemian Rhapsody - Remastered 2011,Queen,0.5143392857142858,0.48066071428571433,0.4999821428571429,11,14,6,12,4,16,7,7,10,9,5,11,2,13,5,4,217,107
87,Boss Bitch,Doja Cat,0.5596212121212123,0.4508636363636366,0.48803030303030304,42,25,37,37,41,37,9,29,7,8,5,4,8,5,6,10,261,99
88,Brand New Numb,Motionless In White,0.5242075471698113,0.485,0.49866037735849045,28,14,31,38,16,25,11,24,7,9,7,13,11,12,6,13,206,88
89,Brazilera,Rauw Alejandro::Anitta,0.572,0.46609090909090906,0.4789090909090909,3,0,1,0,0,0,0,1,2,0,1,0,0,0,0,1,352,145
90,Break Stuff,Limp Bizkit,0.5040161290322579,0.49406451612903224,0.49925806451612903,15,9,16,6,10,9,15,12,7,6,6,6,6,7,7,8,212,89
91,Breakfast,Dove Cameron,0.6582592592592592,0.4379259259259258,0.5235555555555556,10,11,14,10,22,6,5,23,4,4,6,4,7,3,3,7,139,44
92,Breathe (2 AM),Anna Nalick,0.6039375,0.457625,0.5335312499999999,8,12,6,8,23,10,8,23,8,8,6,7,12,7,6,14,171,105
93,Brockhampton,BROCKHAMPTON,0.5811590909090912,0.48647727272727254,0.5129924242424245,31,36,21,38,30,38,23,37,23,23,15,26,20,26,16,25,353,238
94,Brother,Anuel AA,0.522842105263158,0.4456842105263158,0.39857894736842103,4,14,4,1,13,2,0,18,2,2,2,1,1,2,0,4,573,220
95,Brown Eyes and Backwoods,Tom The Mail Man,0.5723684210526315,0.4945263157894738,0.5166578947368421,8,15,8,14,10,11,14,10,4,5,4,7,4,8,6,4,142,55
96,Bullet - Single Version,Hyro The Hero,0.5436249999999998,0.5489166666666665,0.5370694444444444,25,25,16,25,32,22,10,32,11,10,8,13,10,9,4,11,231,103
97,Bulletproof,La Roux,0.5416666666666666,0.47138888888888886,0.4651111111111112,4,29,5,4,23,4,3,9,4,7,4,4,5,4,3,8,131,54
98,Butterflies,MAX::Ali Gatie,0.6279722222222222,0.4260833333333334,0.4929722222222223,0,13,0,4,4,6,4,5,0,3,0,3,2,3,2,3,144,51
99,C'est La Vie,Surfaces::Thomas Rhett,0.65615625,0.4275,0.4919062499999999,1,13,0,2,11,4,2,12,1,7,0,2,6,4,2,5,194,69
100,CAIRO,KAROL G::Ovy On The Drums,0.51675,0.503,0.431375,4,2,2,4,0,2,0,2,2,1,1,2,0,1,0,1,312,114
101,CHICKEN TERIYAKI,ROSALÍA,0.548,0.4855,0.49500000000000005,5,1,4,13,1,4,0,1,2,1,1,3,1,1,0,1,244,107
102,Call On Me,RAYE,0.5080526315789474,0.46218421052631564,0.44821052631578945,13,31,13,12,5,14,2,24,5,4,5,4,4,6,2,3,161,57
103,Call U Tomorrow,Montell Fish,0.5978666666666667,0.43860000000000005,0.5248666666666666,1,29,1,11,3,7,1,16,1,5,1,4,1,3,1,3,80,30
104,Can I Get It,Adele,0.5709787234042554,0.4627021276595745,0.5082553191489362,6,18,5,8,13,20,7,15,5,7,3,6,4,10,2,6,155,64
105,Can You Afford To Lose Me?,Holly Humberstone,0.597904761904762,0.4512857142857143,0.5136666666666667,10,15,12,17,7,18,11,7,3,11,5,8,7,8,6,7,141,70
106,Can't Stop,Red Hot Chili Peppers,0.5841523809523811,0.4772761904761903,0.5268380952380952,9,41,11,13,35,27,22,42,8,22,7,11,21,13,11,25,292,161
107,Cardboard Box,FLO,0.5677735849056604,0.4069433962264152,0.4702075471698114,15,6,9,16,7,11,8,12,4,6,3,5,4,5,6,9,187,80
108,Caroline,Briston Maroney,0.5940930232558138,0.4026976744186046,0.47286046511627894,3,4,2,7,2,5,3,4,3,3,2,7,2,5,3,3,104,64
109,Celestial,Ed Sheeran,0.5950000000000002,0.4344693877551021,0.4894897959183673,11,26,9,12,33,14,13,22,3,8,2,4,8,6,4,6,155,70
110,Change,Big Thief,0.5682222222222222,0.4077777777777778,0.4628888888888889,0,2,0,11,1,2,2,1,0,2,0,2,1,2,2,1,57,35
111,Changes,Langhorne Slim::The Law,0.5682222222222222,0.4077777777777778,0.4628888888888889,0,2,0,11,1,2,2,1,0,2,0,2,1,2,2,1,57,35
112,Chateau,Angus & Julia Stone,0.6082727272727273,0.44609090909090915,0.4964848484848485,14,16,7,16,6,10,9,8,3,5,2,4,4,4,2,5,147,53
113,Chin Up,Yoke Lore,0.59746875,0.4964375,0.5364375,6,15,4,7,12,9,7,20,4,9,3,5,8,6,6,12,128,45
114,Choke,Bury Tomorrow,0.4728780487804878,0.4388780487804878,0.4264878048780487,13,7,12,14,2,20,2,9,4,3,5,9,1,12,1,4,121,54
115,Circle The Drain,Wage War,0.5251388888888888,0.4946111111111112,0.5053333333333334,8,30,12,14,17,19,10,16,5,9,6,6,6,9,4,8,149,59
116,Circo Loco,Drake::21 Savage,0.5429752066115702,0.4794462809917355,0.506289256198347,30,19,20,32,25,26,17,27,19,14,13,20,17,15,14,18,314,205
117,Clarity,Vance Joy,0.597325,0.43200000000000005,0.50245,3,12,1,7,16,16,4,16,2,8,1,5,9,8,3,8,149,54
118,Cloudy Day,Tones And I,0.6901,0.42905,0.5167,1,16,1,21,17,22,13,16,1,5,1,3,6,3,2,5,178,34
119,Coffee,Sylvan Esso,0.6054722222222223,0.4120277777777778,0.4904444444444443,20,17,11,23,25,13,13,18,5,3,2,5,6,3,3,6,197,53
120,Cold Heart - PNAU Remix,Elton John::Dua Lipa::PNAU,0.6045238095238095,0.45176190476190475,0.5139523809523809,8,16,11,8,4,16,0,4,2,4,3,2,2,3,0,2,186,44
121,Coming Undone,Korn,0.5477894736842107,0.48581578947368426,0.5309736842105263,15,31,6,8,9,14,5,11,9,8,4,6,6,9,4,8,132,62
122,Cowboys from Hell,Pantera,0.49327083333333327,0.47552083333333334,0.4882499999999999,11,6,7,15,5,12,1,13,7,2,4,10,2,8,1,8,120,71
123,Creep,Radiohead,0.5913478260869564,0.4873913043478262,0.5247391304347825,4,10,4,7,13,10,3,12,2,5,2,3,6,4,2,5,68,33
124,Cross Off,Mark Morton::Chester Bennington,0.5010151515151515,0.4646818181818182,0.4646060606060608,31,12,14,40,13,38,11,19,12,6,10,17,7,17,5,12,170,86
125,Cry with you,Jeremy Zucker,0.6511666666666667,0.4498333333333333,0.5504166666666667,12,9,10,10,16,28,3,18,6,5,5,5,8,7,3,8,158,65
126,Cum on Feel the Noize,Quiet Riot,0.6210526315789473,0.45794736842105266,0.5749473684210525,13,20,13,12,15,14,57,12,4,7,4,3,4,5,3,3,202,45
127,Cómo Le Haces,Cruz::Randy Class,0.5675,0.39966666666666667,0.4036666666666667,0,0,0,0,0,0,0,0,0,0,0,0,0,0,0,0,137,87
128,Dah Dah DahDah,Nardo Wick,0.4653749999999998,0.5191562500000001,0.4711718749999999,20,1,13,20,10,19,11,9,15,1,9,12,6,11,6,5,275,120
129,Damn (You’ve Got Me Saying),Galantis::David Guetta::MNEK,0.5502058823529412,0.45226470588235296,0.48585294117647054,33,11,32,11,22,23,21,22,6,4,5,5,5,10,4,5,236,66
130,Damn It Feels Good To Be Me,Andy Grammer,0.5485641025641025,0.4785641025641027,0.511025641025641,28,33,30,17,31,16,27,29,9,9,10,8,8,7,6,7,137,61
131,Dance Macabre,Ghost,0.5980344827586209,0.3964137931034482,0.48751724137931035,3,7,1,4,6,1,3,4,2,3,1,3,4,1,2,3,96,40
132,Dancing On A Sunny Day,Benjamin Ingrosso,0.5869268292682926,0.4589756097560974,0.4907073170731706,12,20,4,7,31,8,17,25,8,10,4,5,9,6,7,11,147,74
133,Dancing in the Mirror,Glades,0.6287352941176472,0.4515000000000001,0.46538235294117636,6,19,5,5,30,20,18,29,3,5,2,2,9,4,6,8,145,55
134,Dandelion,Galantis::JVKE,0.5658333333333333,0.4253333333333333,0.4311666666666667,2,14,2,2,12,13,13,12,1,4,1,1,2,2,2,2,98,23
135,Dandelion,Galantis::JVKE,0.5658333333333333,0.4253333333333333,0.4311666666666667,2,14,2,2,12,13,13,12,1,4,1,1,2,2,2,2,98,23
136,Dandelions,Ruth B.,0.6780285714285716,0.4120571428571429,0.5265714285714286,4,40,3,9,30,7,19,30,2,11,1,3,12,2,6,12,157,52
137,Danielle (smile on my face),Fred again..,0.5528461538461539,0.4688461538461538,0.48061538461538456,14,3,9,14,15,9,14,15,4,1,3,4,3,3,3,3,76,22
138,Darling,Montell Fish,0.5698888888888889,0.5447777777777777,0.5517777777777777,1,10,3,6,11,15,12,10,1,2,1,3,3,4,3,2,78,26
139,Death with Dignity,Sufjan Stevens,0.5826904761904762,0.4222142857142857,0.46892857142857125,4,8,3,7,7,8,2,10,3,6,2,5,5,6,2,7,95,64
140,"Deceiver, Deceiver",Arch Enemy,0.5643513513513515,0.47389189189189185,0.49070270270270266,12,8,16,8,8,13,6,23,5,4,9,5,5,5,5,11,91,58
141,Deep In Love,Bonny Light Horseman::Eric D. Johnson::Josh Kaufman::Anaïs Mitchell,0.6402580645161289,0.37667741935483867,0.45874193548387104,1,5,1,5,3,4,9,3,1,4,1,4,2,2,3,2,68,43
142,Deja Vu,Oliver Heldens::Anabel Englund,0.6189333333333333,0.4709,0.4862333333333334,4,18,4,4,17,13,13,23,2,7,2,3,6,4,5,8,182,42
143,Deprimida,Ozuna,0.537875,0.48524999999999996,0.5085000000000001,0,0,0,0,0,0,0,0,0,0,0,0,0,0,0,0,453,139
144,Destination,Crash Adams,0.5599166666666666,0.44929166666666664,0.46979166666666666,10,20,9,18,16,16,16,18,3,5,2,5,5,4,4,5,142,51
145,Detox,Lil Baby,0.579495145631068,0.45112621359223304,0.5048543689320388,19,18,11,16,20,15,14,28,13,12,8,13,11,12,10,17,289,177
146,Devil On My Shoulder,Chelsea Cutler,0.5466046511627907,0.5020232558139535,0.5363488372093023,14,19,14,19,16,18,9,27,7,9,5,8,7,9,5,11,152,64
147,Die For You,Joji,0.5976666666666666,0.4362857142857142,0.4906666666666667,10,16,8,11,22,14,11,23,5,7,4,5,9,7,3,10,118,68
148,Die For You,Joji,0.5976666666666666,0.4362857142857142,0.4906666666666667,10,16,8,11,22,14,11,23,5,7,4,5,9,7,3,10,118,68
149,Difficult,Gracie Abrams,0.5349230769230771,0.46471153846153856,0.461423076923077,16,21,15,34,12,22,18,16,7,9,6,11,3,12,6,7,166,79
150,Dior,Pop Smoke,0.5361304347826087,0.4741449275362319,0.47455072463768105,8,19,9,12,23,8,2,25,7,8,8,8,5,7,2,7,258,129
151,Disciple,Slayer,0.5298219178082194,0.5285068493150682,0.5491917808219178,26,24,25,36,22,29,5,29,17,13,16,20,13,17,5,18,159,109
152,Doja,Central Cee,0.5327843137254901,0.5075294117647058,0.4983333333333333,16,18,9,11,12,14,9,17,9,10,4,6,7,6,4,9,179,105
153,Don't I Make It Look Easy,Meghan Trainor,0.6114444444444443,0.46816666666666684,0.5113611111111112,5,12,13,4,29,9,11,16,4,4,6,4,7,5,3,7,242,64
154,Don't I Make It Look Easy,Meghan Trainor,0.6114444444444443,0.46816666666666684,0.5113611111111112,5,12,13,4,29,9,11,16,4,4,6,4,7,5,3,7,242,64
155,Don't Look At Me,POORSTACY,0.48020000000000007,0.5215333333333334,0.4800666666666667,12,8,12,19,19,23,4,15,3,2,3,5,4,6,1,3,180,28
156,Don't Stop 'Til You Get Enough,Michael Jackson,0.5945714285714285,0.49632142857142864,0.5125357142857142,52,28,14,52,40,17,18,31,6,6,5,6,9,2,3,6,413,64
157,Don’t Blame Me,Taylor Swift,0.553875,0.4510833333333333,0.47593750000000007,21,27,21,16,33,38,15,31,9,5,7,10,3,13,4,4,221,77
158,Dragula,Rob Zombie,0.4743571428571429,0.5219523809523808,0.45028571428571446,34,6,26,38,17,20,16,8,12,6,12,16,8,13,8,7,133,57
159,Dream On,Aerosmith,0.6415609756097561,0.3968536585365854,0.4880487804878048,2,40,12,7,35,27,11,36,2,9,6,4,8,5,5,9,143,54
160,Drunk (And I Don't Wanna Go Home),Elle King::Miranda Lambert,0.6202978723404255,0.450808510638298,0.48853191489361714,7,23,3,10,22,10,6,12,4,11,2,5,9,4,5,7,224,78
161,Dua Lipa,Jack Harlow,0.5662181818181818,0.469218181818182,0.4949818181818181,7,5,4,2,11,4,3,12,6,4,3,2,6,3,2,7,215,108
162,Easy,Nicky Romero::NIIKO X SWAE,0.6030416666666665,0.44412499999999994,0.5007500000000001,3,7,2,2,7,9,2,6,3,3,2,2,3,4,2,2,135,41
163,Edgecrusher,Fear Factory,0.39234615384615384,0.6374615384615384,0.5976153846153845,16,0,8,18,0,14,3,7,10,0,5,12,0,8,2,4,67,47
164,Element,Pop Smoke,0.5152280701754386,0.48400000000000015,0.456859649122807,14,11,11,16,18,16,8,23,7,9,7,11,7,10,5,12,175,119
165,Emotionless,Ashley Kutcher,0.5135294117647059,0.47902941176470587,0.46358823529411775,10,10,11,12,10,15,9,11,4,4,5,6,4,9,3,5,100,54
166,Everything's Fine,Healy,0.5516610169491526,0.4375762711864408,0.4758813559322033,8,14,3,10,20,12,8,16,5,7,3,7,8,9,4,7,151,86
167,Eyes On You,Nicky Youre,0.6797096774193548,0.41016129032258064,0.49016129032258077,1,11,0,0,33,2,7,26,1,4,0,0,8,1,2,8,218,65
168,F.U.,Avril Lavigne,0.5491842105263158,0.4595526315789473,0.49465789473684224,20,14,12,21,8,14,12,8,8,6,5,9,4,7,5,5,131,58
169,FEELING GUD,NGHTMRE::SLANDER::Matthew Santos,0.8086666666666668,0.3842222222222222,0.538888888888889,16,20,16,18,20,16,20,20,1,3,1,2,3,1,3,3,54,13
170,FML,Munn,0.5037317073170732,0.4595365853658537,0.46273170731707314,10,2,5,6,6,9,2,8,7,2,5,6,4,7,2,6,111,54
171,FREEDOM,Jon Batiste,0.6550392156862744,0.4375294117647059,0.514705882352941,7,22,4,15,47,7,12,42,2,9,1,5,10,4,6,7,293,80
172,Fake A Smile,Alan Walker::salem ilese,0.52709375,0.4325625,0.5065312500000001,13,8,9,10,18,9,8,25,7,4,4,5,4,5,3,8,115,47
173,Fall Into Me,NGHTMRE::SLANDER::Dylan Matthew,0.5468888888888889,0.45699999999999996,0.4609999999999999,4,3,5,7,14,30,1,2,2,3,3,4,3,4,1,2,130,34
174,Family Line,Conan Gray,0.55442,0.467,0.48422,18,19,6,31,17,25,10,24,10,10,3,11,8,9,6,11,169,86
175,Featherweight,Fleet Foxes,0.5045897435897436,0.45871794871794874,0.4534615384615385,12,8,8,17,4,13,5,5,9,5,6,11,2,9,3,3,105,63
176,Feels,Wh0::Just Aaron::Jinadu,0.6297499999999999,0.47058333333333335,0.5300833333333334,11,21,11,11,27,29,23,27,2,2,2,2,3,4,3,3,78,18
177,Fly Away,Tones And I,0.584153846153846,0.4231923076923077,0.47265384615384615,5,6,1,27,5,3,4,7,4,4,1,5,3,3,3,4,155,53
178,Follow,Martin Garrix::Zedd,0.5567857142857143,0.479,0.4842142857142857,0,3,0,2,0,0,0,2,0,3,0,2,0,0,0,2,26,19
179,Fool's Gold,S. Carey,0.6447619047619048,0.4219047619047619,0.4586666666666667,6,3,6,3,7,4,1,6,2,1,2,1,3,2,1,2,50,30
180,Forget I Exist,Sam MacPherson,0.5534193548387096,0.46058064516129027,0.4866129032258064,3,9,3,6,11,11,4,12,3,6,3,4,7,6,2,8,108,49
181,Free,Big Gigantic::Elohim,0.5751463414634146,0.4141707317073171,0.4441951219512196,3,11,1,4,15,4,10,7,3,4,1,4,4,3,3,3,102,65
182,Free Yourself,Jessie Ware,0.5871034482758621,0.4411379310344828,0.5037241379310347,29,51,22,28,45,26,28,37,5,11,1,3,4,2,2,5,164,44
183,Fuck U Love U,Alison Wonderland,0.5566315789473684,0.5622105263157896,0.4780526315789473,8,8,7,7,7,22,7,7,3,2,2,2,2,4,2,2,70,32
184,Future Me Hates Me,The Beths,0.4617000000000001,0.5220000000000001,0.4482750000000001,20,12,20,34,6,42,2,9,4,8,4,10,4,14,2,7,253,79
185,Future Starts Now,Kim Petras,0.5954102564102565,0.4654871794871796,0.5086666666666666,9,22,2,7,8,12,6,12,5,7,2,5,5,8,4,5,165,69
186,GO AGAIN - Intro,DaBaby,0.5434673913043477,0.4870543478260871,0.5036413043478261,36,13,22,26,18,26,7,21,18,10,7,12,8,11,6,14,338,168
187,Gears,Lamb of God,0.4994615384615385,0.47956410256410265,0.5084102564102565,18,17,18,26,8,23,6,11,9,8,11,14,4,15,2,7,115,72
188,Get Up,Keys N Krates,0.5645,0.4222142857142857,0.5091428571428571,0,2,0,4,0,2,0,0,0,1,0,2,0,1,0,0,96,26
189,Get Your Attention,Andi,0.5690975609756096,0.467170731707317,0.49536585365853664,19,19,12,15,15,15,13,26,8,11,5,7,6,7,6,10,171,70
190,Ghost Shaped People,Lamb of God,0.51294,0.5180399999999998,0.5118400000000001,15,9,14,9,9,12,10,19,9,5,8,8,5,7,4,10,94,72
191,Girl from the North Country,Bob Dylan::Johnny Cash,0.6185937499999999,0.41890625000000004,0.51265625,6,6,2,4,8,7,3,7,4,4,1,3,4,4,2,4,68,45
192,"Girls, Girls, Girls",Mötley Crüe,0.5836458333333333,0.4534375,0.4819583333333333,6,9,4,10,7,10,6,9,6,8,4,9,6,9,5,8,161,101
193,Glad You Exist,Dan + Shay,0.5816363636363636,0.4563636363636364,0.502969696969697,3,7,3,5,8,4,1,5,3,4,3,4,4,4,1,5,144,60
194,God Damn,Avenged Sevenfold,0.5616515151515152,0.48871212121212115,0.49771212121212116,23,24,16,24,24,16,6,31,13,13,8,11,12,10,5,15,136,88
195,God is a woman,Ariana Grande,0.6242222222222221,0.40955555555555556,0.5053333333333334,11,39,7,26,34,18,16,44,4,11,2,7,8,5,6,11,190,67
196,Golden,Harry Styles,0.5931428571428572,0.40614285714285714,0.49375,11,10,3,11,4,8,8,5,4,6,2,4,3,4,4,4,103,36
197,Good Enough,Maisie Peters,0.631265306122449,0.42775510204081635,0.5516938775510206,4,37,4,5,37,13,33,42,3,10,2,4,11,8,9,12,162,73
198,Good Luck,Mabel::Jax Jones::Galantis,0.5937692307692308,0.4618846153846154,0.5141346153846155,10,73,6,8,95,28,65,72,6,9,4,5,10,6,5,10,325,88
199,Goodnight,Lennon Stella,0.5271935483870968,0.41506451612903233,0.44245161290322593,2,9,6,8,11,12,1,7,1,5,4,5,5,8,1,4,96,42
200,Got It On Me,Pop Smoke,0.5361851851851851,0.4965740740740742,0.5015,26,16,16,25,10,24,11,19,12,9,7,11,5,10,8,11,246,95
201,Got Me Good,DNCE,0.6160212765957446,0.46548936170212774,0.48395744680851055,8,28,10,5,32,10,25,31,3,10,5,3,9,5,7,10,164,70
202,Gratitude,Above & Beyond::anamē::Marty Longstaff,0.6554285714285714,0.4046190476190476,0.4878571428571429,2,5,1,3,7,4,5,5,2,3,1,3,4,4,3,3,38,29
203,Greedy,Ariana Grande,0.6397777777777777,0.45922222222222225,0.5327037037037036,6,29,57,1,31,22,27,26,4,6,2,1,6,4,5,6,212,45
204,Green Green Grass,George Ezra,0.573609756097561,0.469170731707317,0.5055853658536587,13,13,11,31,24,27,5,27,4,5,2,6,5,3,3,7,195,59
205,HEAVEN DON'T CRY,Demon Hunter,0.5510222222222221,0.45093333333333335,0.47673333333333345,9,17,8,17,11,17,8,14,6,6,5,12,5,11,3,7,90,52
206,HIGHEST IN THE ROOM,Travis Scott,0.544655172413793,0.48660344827586205,0.5049310344827584,11,13,3,16,14,8,13,16,8,7,3,10,8,7,7,9,166,101
207,Hallucination,Regard::Years & Years,0.5685999999999999,0.4336333333333332,0.4979333333333334,3,15,3,16,14,13,11,21,2,4,2,5,3,3,2,7,138,59
208,Happen,Nick Hakim,0.5905217391304347,0.4114782608695653,0.4941304347826087,3,8,3,5,5,5,3,6,1,2,1,2,2,2,2,3,81,37
209,Happen To Me,BENEE,0.5905217391304347,0.4114782608695653,0.4941304347826087,3,8,3,5,5,5,3,6,1,2,1,2,2,2,2,3,81,37
210,Happier Than Ever,Billie Eilish,0.5564310344827587,0.491741379310345,0.4946034482758623,14,17,12,14,8,15,7,17,11,11,9,12,6,13,7,13,133,94
211,Happy Music,Supershy,0.7228000000000001,0.5196000000000001,0.5972999999999999,24,54,0,8,53,28,25,53,1,5,0,1,4,4,2,4,107,15
212,Happy?,Mudvayne,0.4836521739130436,0.488695652173913,0.43439130434782613,13,29,26,26,29,33,10,31,6,6,7,7,6,13,3,8,128,57
213,Hard Times,Ethel Cain,0.5311621621621622,0.45708108108108103,0.45627027027027023,8,11,7,17,11,22,12,12,7,8,6,10,8,10,6,9,111,59
214,Hard to Love,Hanne Mjøen::Ryland James,0.5861739130434784,0.4385,0.49886956521739123,9,32,10,14,36,36,32,40,3,6,4,6,5,7,5,8,165,72
215,Hardwired,Metallica,0.4335384615384616,0.5620384615384616,0.5074615384615384,10,6,9,9,7,10,8,5,7,3,6,8,4,9,5,4,58,35
216,Harness Your Hopes - B-side,Pavement,0.5534025974025976,0.43981818181818183,0.4954935064935064,10,13,6,11,12,10,8,17,8,10,4,9,9,8,5,14,136,115
217,Heat Waves,Glass Animals,0.6221063829787237,0.43610638297872345,0.4928723404255318,4,8,2,4,6,13,4,5,4,5,2,4,5,6,4,5,199,75
218,Heaven Takes You Home (feat. Connie Constance),Swedish House Mafia::Connie Constance,0.5641515151515152,0.42121212121212126,0.46706060606060595,7,19,3,9,16,11,11,14,4,7,2,5,5,7,3,7,97,48
219,Hell Hounds,chloe moriondo,0.48987500000000017,0.46472499999999994,0.4593,7,5,8,4,3,4,0,3,3,4,4,1,2,1,0,3,142,66
220,Her,Megan Thee Stallion,0.5169482758620689,0.47593103448275875,0.45508620689655177,18,12,15,17,15,17,3,16,8,9,5,8,6,8,3,7,253,122
221,Heretic,Novelists FR::LANDMVRKS,0.5076470588235295,0.4524705882352942,0.4747058823529412,12,18,15,44,12,20,8,15,8,11,8,15,8,10,4,11,175,82
222,Hexagram,Deftones,0.5895250000000001,0.532575,0.5433000000000001,44,49,3,42,91,5,54,92,4,7,2,7,9,3,9,10,147,49
223,Hey Ladies,Beastie Boys,0.5508015873015872,0.4511666666666667,0.4566666666666666,15,20,9,13,24,16,8,25,13,17,8,11,16,15,6,17,269,207
224,Higher,Eminem,0.5142148148148148,0.4722814814814816,0.4906148148148145,38,28,28,30,17,25,14,25,22,19,18,21,12,18,14,20,453,252
225,Hitta (feat. Juicy J),Marshmello::Eptic::Juicy J,0.5450327868852459,0.4791311475409836,0.45909836065573767,9,5,5,5,6,10,1,8,3,5,2,2,4,7,1,6,274,91
226,Hold Me Closer,Elton John::Britney Spears,0.6185666666666667,0.4392666666666667,0.46763333333333335,1,5,1,3,8,3,3,6,1,4,1,3,5,3,3,5,103,45
227,Hold Me Closer,Elton John::Britney Spears,0.6185666666666667,0.4392666666666667,0.46763333333333335,1,5,1,3,8,3,3,6,1,4,1,3,5,3,3,5,103,45
228,Holiday,KSI,0.6937894736842107,0.37868421052631573,0.4967368421052633,3,31,3,7,30,5,12,16,1,7,1,2,7,2,3,5,175,68
229,Hollywood Forever Cemetery Sings,Father John Misty,0.5515333333333333,0.4112,0.45580000000000015,2,3,2,3,6,8,1,7,1,3,1,2,2,7,1,3,77,50
230,Horizons,José González,0.4955,0.392625,0.43962499999999993,2,9,1,2,8,3,8,10,2,2,1,1,1,2,1,2,24,11
231,Hot In It,Tiësto::Charli XCX,0.48460606060606065,0.42833333333333334,0.3884242424242424,36,7,5,12,2,11,2,4,4,4,3,3,2,7,2,4,204,59
232,Hot for Teacher - 2015 Remaster,Van Halen,0.5172702702702703,0.4417027027027028,0.4654594594594596,24,6,19,25,5,20,3,20,7,5,7,10,3,6,3,8,120,64
233,I Ain't Worried,OneRepublic,0.5375588235294116,0.525764705882353,0.4769705882352941,16,25,2,23,13,24,6,14,4,7,2,7,6,8,4,7,130,55
234,I Ain't Worried,OneRepublic,0.5375588235294116,0.525764705882353,0.4769705882352941,16,25,2,23,13,24,6,14,4,7,2,7,6,8,4,7,130,55
235,I Am Above,In Flames,0.49592857142857133,0.5110357142857144,0.4944285714285715,16,31,22,39,17,34,11,17,6,6,6,11,3,10,2,3,109,34
236,I Am Damnation,Bleed From Within,0.5695573770491801,0.43496721311475406,0.5113442622950819,16,5,6,20,8,21,12,13,10,5,5,11,7,12,9,9,137,83
237,I Be,Key Glock,0.5047333333333335,0.5015999999999998,0.49223333333333336,43,30,13,15,80,13,28,42,10,5,7,11,6,10,3,9,368,115
238,I Burned LA Down,Noah Cyrus,0.5339999999999999,0.4413548387096774,0.4797096774193548,9,7,4,9,5,9,0,9,5,5,3,6,3,6,0,6,101,50
239,I Can't Go for That (No Can Do),Daryl Hall & John Oates,0.5959999999999999,0.44026666666666664,0.5246666666666667,1,2,0,2,1,9,0,2,1,2,0,1,1,2,0,2,128,35
240,I Don't Know Why,NOTD::Astrid S,0.6241136363636365,0.4222045454545454,0.5027272727272726,7,20,4,15,17,4,14,19,2,5,1,5,6,1,4,8,197,61
241,I FEEL LIKE DANCING,Hardwell,0.7605,0.4775,0.521,3,3,3,3,9,3,3,9,1,1,1,1,3,1,1,3,9,3
242,I Forgot That You Existed,Taylor Swift,0.5776037735849056,0.48303773584905657,0.5188113207547168,19,15,12,18,11,25,11,18,9,8,4,6,6,9,6,9,133,79
243,I Forgot That You Existed,Taylor Swift,0.5776037735849056,0.48303773584905657,0.5188113207547168,19,15,12,18,11,25,11,18,9,8,4,6,6,9,6,9,133,79
244,I Just Called,NEIKED::Anne-Marie::Latto,0.5451333333333334,0.4301333333333334,0.4718,13,23,7,14,12,13,5,25,12,8,6,12,7,12,5,9,172,105
245,I Just Called,NEIKED::Anne-Marie::Latto,0.5451333333333334,0.4301333333333334,0.4718,13,23,7,14,12,13,5,25,12,8,6,12,7,12,5,9,172,105
246,I Just Threw Out The Love Of My Dreams,Weezer,0.6150800000000001,0.39828,0.49680000000000013,0,8,3,3,11,15,11,11,0,1,1,1,2,4,2,2,84,35
247,I Like That,Bazzi,0.5953,0.47946666666666665,0.49806666666666666,12,17,4,7,41,14,11,42,6,9,2,5,13,7,5,12,212,88
248,I Like That,Bazzi,0.5953,0.47946666666666665,0.49806666666666666,12,17,4,7,41,14,11,42,6,9,2,5,13,7,5,12,212,88
249,I Lost a Friend,FINNEAS,0.535450980392157,0.43631372549019587,0.45149019607843144,17,18,10,13,28,30,10,39,7,6,4,7,4,11,4,9,193,82
250,I Threw Glass at My Friend's Eyes and Now I'm on Probation,Destroy Boys,0.5315909090909089,0.4698863636363637,0.4716590909090909,10,9,12,11,18,13,6,14,6,5,8,6,5,8,2,5,149,64
251,I Walked Right Into It,Lontalius,0.5675666666666666,0.46803333333333336,0.4712333333333334,9,8,6,7,4,11,7,4,4,3,3,3,1,4,3,1,84,53
252,I Wanna Rock,Twisted Sister,0.6117199999999999,0.41608000000000006,0.49912,6,7,2,3,9,7,5,9,4,6,2,3,6,4,3,6,144,39
253,I Was Born To Love You,Ray LaMontagne,0.6379999999999999,0.47092105263157896,0.49073684210526325,6,15,4,5,14,18,11,15,5,5,3,4,6,8,4,7,87,50
254,I Was Made For Lovin' You,KISS,0.6419374999999999,0.46975,0.548375,2,15,1,2,27,14,15,14,2,4,1,2,5,3,4,3,185,33
255,I Would've,Jessie Murph,0.5134358974358975,0.4837692307692308,0.4706666666666666,14,17,11,13,18,30,14,17,10,5,7,9,6,12,2,5,147,65
256,I Wouldn't Ask You,Clairo,0.61444,0.46014000000000016,0.5019000000000001,12,17,12,13,20,18,11,20,5,9,5,6,9,8,5,12,216,74
257,"I am not a woman, I'm a god",Halsey,0.5504390243902441,0.4448536585365853,0.4828048780487807,15,16,8,29,20,25,9,19,5,6,4,7,9,9,5,8,200,70
258,I'm Not Okay (I Promise),My Chemical Romance,0.5791904761904763,0.43447619047619057,0.4574761904761904,1,5,2,2,5,5,1,12,1,3,1,2,5,4,1,11,98,62
259,I'm Not Right,Tetrarch,0.5456052631578947,0.4502368421052632,0.4876052631578948,24,9,24,25,7,37,4,7,4,5,4,5,2,8,4,2,178,59
260,Idol (feat. Tech N9ne),Hollywood Undead::Tech N9ne,0.5418064516129035,0.5138279569892472,0.5342795698924729,26,20,23,21,19,23,10,28,23,15,20,19,11,20,6,18,235,144
261,If We’ll Ever Be Remembered,Martin Garrix::Shaun Farrugia,0.61603125,0.44671875000000005,0.5270625,5,24,5,6,18,17,22,18,4,6,4,5,5,7,7,5,131,47
262,"If You Need To, Keep Time on Me",Fleet Foxes,0.5532222222222223,0.4878333333333333,0.5083333333333333,0,12,1,2,2,3,3,2,0,3,1,2,1,2,2,1,64,26
263,Imaginary Fire - feat. Greg Puciato,Carpenter Brut::Greg Puciato,0.5528085106382978,0.48655319148936166,0.5120425531914894,5,4,4,8,7,8,2,11,4,4,4,7,7,7,2,10,76,61
264,Imma Be,Black Eyed Peas,0.6364578313253012,0.4455783132530121,0.5184457831325302,10,18,7,6,23,7,11,26,7,11,4,5,12,7,7,15,413,179
265,Imperfect,Kate Nash,0.607478260869565,0.4455869565217392,0.5055869565217391,13,14,6,12,19,27,12,24,4,4,2,4,6,7,3,7,164,71
266,Infinity,Borgeous::Kastra::Luxtides,0.6300909090909091,0.4268484848484849,0.5496363636363637,1,15,1,5,13,4,8,12,1,7,1,4,5,2,4,6,93,50
267,Inside Out,Duster,0.46994444444444444,0.4691666666666667,0.43866666666666665,1,0,1,3,0,1,1,1,1,0,1,3,0,1,1,1,24,23
268,Into My Body,UPSAHL,0.5905294117647057,0.5104117647058823,0.49432352941176455,9,8,8,7,12,9,6,12,6,5,5,4,6,6,3,6,181,56
269,Into Nothing,Bleed From Within,0.4798421052631578,0.4544736842105264,0.45829824561403504,11,12,10,25,9,22,3,20,9,9,8,18,6,15,3,13,128,81
270,It's Not The Same Anymore,Rex Orange County,0.5253780487804878,0.45813414634146343,0.4735853658536585,16,19,17,17,15,24,9,17,12,11,12,13,8,17,5,10,198,131
271,It's Over,Silverstein,0.4747619047619047,0.477031746031746,0.4436190476190476,16,20,12,21,9,20,8,19,10,8,7,13,3,12,3,7,158,84
272,Jambi,TOOL,0.572223880597015,0.4497761194029852,0.507776119402985,9,32,10,11,26,16,9,22,6,14,6,10,12,13,7,14,174,94
273,Je te laisserai des mots,Patrick Watson,0.603,0.3585000000000001,0.43637500000000007,0,0,0,0,0,0,0,1,0,0,0,0,0,0,0,1,69,45
274,Jimmy Cooks (feat. 21 Savage),Drake::21 Savage,0.5195454545454546,0.46098347107438015,0.4715867768595043,26,21,18,21,26,18,21,28,20,11,14,17,9,13,12,12,389,211
275,Joy,Andy Grammer,0.597325,0.43200000000000005,0.50245,3,12,1,7,16,16,4,16,2,8,1,5,9,8,3,8,149,54
276,Joy,salute,0.5703818181818182,0.4841454545454542,0.5324545454545454,44,42,6,25,53,16,28,53,20,17,6,15,12,15,11,19,340,199
277,Julia,Mt. Joy,0.65825,0.5371875,0.554,8,4,4,6,5,4,3,1,4,2,2,3,3,2,1,1,133,28
278,Just Another Thing We Don't Talk About,Tom Odell,0.5894722222222222,0.4416111111111111,0.4788611111111111,3,5,0,0,2,3,0,0,2,4,0,0,2,3,0,0,83,53
279,Just Pretend,Bad Omens,0.4921290322580645,0.45645161290322595,0.4691935483870967,6,23,3,10,6,13,4,13,4,6,3,7,4,6,3,5,114,42
280,Karma,Taylor Swift,0.5899687499999999,0.49953125000000004,0.5302187499999998,6,25,4,15,31,9,11,39,6,12,4,10,10,7,5,15,190,87
281,Keep You Mine,NOTD::shy martin,0.48553124999999997,0.46228125000000003,0.43828124999999996,12,15,7,10,0,9,2,4,7,5,3,5,0,5,1,2,132,52
282,Kenny,Still Woozy,0.6503043478260869,0.38386956521739135,0.5251739130434783,1,7,1,3,5,3,2,5,1,3,1,3,3,3,2,3,83,44
283,Kickstart My Heart,Mötley Crüe,0.5984736842105264,0.4826315789473686,0.5271052631578946,1,18,0,2,18,2,7,12,1,7,0,2,5,2,3,5,179,70
284,King For A Day,Pierce The Veil::Kellin Quinn,0.5322525252525255,0.5011313131313131,0.49269696969696947,21,18,18,30,22,32,15,21,14,14,11,20,13,17,10,12,259,143
285,Kiss Me,Sixpence None The Richer,0.5791891891891892,0.37202702702702706,0.4385135135135135,6,13,2,2,18,2,13,12,4,3,2,2,5,2,3,6,96,46
286,LAst dAy oN EaRTh,Tai Verdes,0.618191489361702,0.4206170212765958,0.4869787234042553,6,16,3,6,18,3,9,14,6,10,3,6,12,3,7,10,148,78
287,LET THE GRASS GROW,Ruel,0.49345833333333333,0.44379166666666664,0.41183333333333344,7,10,8,13,8,18,12,10,6,8,6,9,5,11,6,7,97,62
288,LOUD,Sofia Carson,0.6185757575757576,0.46027272727272717,0.5515151515151514,19,3,5,2,6,5,0,6,5,3,3,2,3,3,0,3,141,60
289,Landslide,Fleetwood Mac,0.6627407407407406,0.44314814814814824,0.4991481481481482,0,9,0,9,5,7,3,3,0,5,0,3,3,2,1,1,93,43
290,Late Night Feels,Sam Feldt::Monsta X,0.6099142857142856,0.4298571428571428,0.5098857142857143,14,13,14,14,18,36,10,20,4,3,4,4,4,6,1,6,179,61
291,Late Night Talking,Harry Styles,0.6223225806451612,0.4344516129032258,0.4935483870967742,5,10,2,5,7,13,3,5,2,6,1,4,3,4,2,4,123,53
292,Leave It All Behind,Sleeping With Sirens,0.5952666666666667,0.4469000000000001,0.49300000000000005,6,8,5,7,11,18,13,11,4,6,3,5,8,8,6,8,75,48
293,Leave Me Alone,I DONT KNOW HOW BUT THEY FOUND ME,0.6334722222222222,0.4676111111111111,0.5615,17,18,10,17,10,28,18,9,7,11,5,7,8,9,8,7,100,54
294,Leaves,Bloodred Hourglass,0.5717826086956521,0.449304347826087,0.5137391304347826,4,12,1,7,13,13,8,14,2,5,1,5,3,5,4,4,144,52
295,Let Me Love U,Baauer,0.5820000000000001,0.43166666666666664,0.4941666666666667,0,73,0,0,47,35,35,47,0,2,0,0,2,1,1,2,198,16
296,Let You Go,Diplo::TSHA::Kareen Lomax,0.665190476190476,0.4243809523809524,0.43757142857142867,4,3,3,1,5,6,5,8,3,3,2,1,5,4,4,7,105,35
297,Let's Fall in Love for the Night,FINNEAS,0.5858199999999999,0.4765,0.4781199999999999,13,19,9,10,19,11,15,21,5,9,3,4,8,4,7,8,147,70
298,Let's go to Hell,Tai Verdes,0.5752459016393443,0.46308196721311456,0.5064426229508198,17,17,10,23,18,20,8,20,9,11,4,11,12,9,5,16,189,98
299,Liability,Lorde,0.5895961538461539,0.4880000000000001,0.5109423076923076,8,13,2,12,14,10,14,19,8,9,2,10,11,8,10,13,119,80
300,Life's Too Short (English Version),aespa,0.6301749999999999,0.4418499999999999,0.5161,4,13,4,2,12,7,0,6,3,4,3,1,5,3,0,4,166,69
301,Light Switch,Charlie Puth,0.5902333333333334,0.5009333333333333,0.5405333333333334,8,28,2,4,16,29,5,16,4,5,2,2,4,5,3,4,262,64
302,Light of Mine,WHIPPED CREAM::Jimorrow,0.6825,0.4125,0.53625,0,12,0,0,12,0,0,0,0,1,0,0,1,0,0,0,66,6
303,Lights Up,Flight Facilities::Channel Tres,0.5614999999999997,0.4276739130434784,0.45908695652173925,5,1,3,3,5,1,3,6,2,1,2,2,2,1,2,3,262,74
304,Lights Up - Myd Remix,Flight Facilities::Channel Tres::Myd,0.5438292682926827,0.4132439024390243,0.4431951219512196,3,6,3,4,4,1,2,4,2,1,2,2,1,1,1,1,250,65
305,Lil Bit,Nelly::Florida Georgia Line,0.5990727272727273,0.49936363636363634,0.4984363636363638,4,21,2,2,19,7,13,23,2,7,2,2,6,2,4,7,347,109
306,Little Bit of Love,Tom Grennan,0.5305897435897435,0.4326153846153846,0.47374358974358965,10,30,10,10,29,40,27,30,5,6,5,6,4,10,4,5,224,71
307,Lonely,Ralph Castelli,0.5202380952380952,0.4611904761904762,0.4644285714285715,4,6,4,6,2,6,0,2,2,2,2,3,1,3,0,1,101,31
308,Lose Control,220 KID::S1mba,0.5725999999999998,0.48940000000000006,0.4707333333333334,28,13,26,35,14,31,29,16,4,4,4,6,4,6,5,5,169,42
309,Lose This Number,Christian Lee Hutson,0.5415833333333333,0.4567083333333333,0.4820208333333332,14,7,13,14,4,13,10,6,7,6,6,7,4,5,3,6,87,68
310,Lost,Maroon 5,0.6678695652173914,0.4248260869565218,0.5232608695652174,1,25,0,1,62,42,6,63,1,3,0,1,6,4,1,7,228,41
311,Love Again,Dua Lipa,0.5120487804878048,0.5072195121951221,0.475560975609756,11,32,4,14,35,34,26,48,8,5,3,9,7,9,3,9,191,68
312,Love Flew Away,Laufey::Adam Melchor,0.6166216216216216,0.40008108108108104,0.48364864864864854,1,14,2,4,10,10,11,9,1,7,2,4,5,5,6,4,82,58
313,Love Grows (Where My Rosemary Goes),Edison Lighthouse,0.6683076923076924,0.4374230769230768,0.5475769230769231,6,17,2,6,27,11,15,24,4,6,1,4,8,4,7,7,115,52
314,Love Lost,Mac Miller::The Temper Trap,0.5817638888888889,0.4692638888888891,0.46933333333333316,18,35,15,14,36,44,24,34,9,14,8,8,14,15,7,13,333,134
315,Love Me More,Sam Smith,0.5633939393939396,0.4602727272727274,0.4603636363636364,12,29,12,14,40,37,28,38,6,4,6,6,6,8,4,6,161,51
316,Love Myself,Olivia O'Brien,0.5676428571428571,0.45874999999999994,0.5269999999999999,4,29,5,2,34,29,29,36,3,4,4,2,6,4,4,8,168,61
317,Love Will Take You,Angus & Julia Stone,0.620375,0.41575000000000006,0.46818750000000003,3,26,1,3,27,27,25,27,3,2,1,3,3,3,1,3,61,21
318,Love You Back,Madeon,0.6221739130434782,0.43291304347826093,0.49517391304347824,9,16,8,10,14,14,10,14,3,5,2,4,4,5,3,4,104,39
319,Love You For A Long Time,Maggie Rogers,0.6213269230769232,0.3963461538461537,0.49765384615384617,4,60,5,8,25,44,22,24,2,8,2,5,8,8,5,7,232,83
320,Loved By U,TOKiMONSTA::morgxn,0.581047619047619,0.5147619047619049,0.5543809523809523,7,79,5,7,81,81,78,81,6,5,4,6,3,6,4,3,206,36
321,Lovely Rita - Remastered 2009,The Beatles,0.6759473684210526,0.36928947368421045,0.48039473684210515,1,17,1,2,18,16,16,19,1,5,1,2,5,4,4,6,132,68
322,MANTRA,Bring Me The Horizon,0.5822962962962963,0.3914074074074075,0.4661481481481482,10,9,7,8,9,10,7,14,5,5,4,5,6,5,2,9,165,84
323,MONTERO (Call Me By Your Name),Lil Nas X,0.5927999999999999,0.4680600000000002,0.49245999999999995,11,29,6,9,15,19,6,26,8,11,5,7,12,11,6,10,173,101
324,MY HEAD :(,Jack Kays,0.5858285714285714,0.4423142857142859,0.49337142857142857,4,2,3,3,4,5,3,4,4,2,3,3,4,5,3,4,53,46
325,Made You Look,Meghan Trainor,0.568,0.4516363636363636,0.44196969696969696,4,7,5,5,5,3,5,10,2,4,2,3,3,2,3,5,184,72
326,Made You Look,Meghan Trainor,0.568,0.4516363636363636,0.44196969696969696,4,7,5,5,5,3,5,10,2,4,2,3,3,2,3,5,184,72
327,Make You Mine,PUBLIC,0.5382812499999999,0.45796875,0.44853124999999994,3,8,4,5,3,10,3,3,2,4,3,3,3,5,3,2,135,52
328,Man in the Mirror,A Boogie Wit da Hoodie,0.598518987341772,0.4482151898734175,0.4833797468354428,28,18,20,24,32,27,11,39,11,8,7,10,12,12,4,11,330,164
329,Maneater,Nelly Furtado,0.613675,0.482125,0.525625,11,32,7,11,24,29,13,25,4,7,2,4,4,6,3,4,350,76
330,Mariposa,Peach Tree Rascals,0.5980909090909091,0.4558181818181819,0.500909090909091,14,27,12,14,21,20,16,20,7,9,5,7,10,10,7,9,166,96
331,Mariposa,Peach Tree Rascals,0.5980909090909091,0.4558181818181819,0.500909090909091,14,27,12,14,21,20,16,20,7,9,5,7,10,10,7,9,166,96
332,Material Girl,Madonna,0.6362500000000001,0.4581250000000001,0.5154687500000001,4,5,3,3,7,6,4,7,4,5,3,3,7,6,4,7,164,49
333,Matilda,Harry Styles,0.6138727272727272,0.4519818181818182,0.5171272727272728,8,22,6,9,21,15,16,30,8,12,6,9,12,9,9,16,147,85
334,Maybe You’re The Problem,Ava Max,0.5417555555555557,0.42691111111111113,0.4785555555555556,7,10,10,16,18,20,5,13,4,5,5,5,7,7,3,8,193,67
335,Me Porto Bonito,Bad Bunny::Chencho Corleone,0.5617142857142857,0.41371428571428576,0.44342857142857145,3,5,1,1,0,2,0,5,3,3,1,1,0,2,0,3,330,166
336,Men On The Moon,Chelsea Cutler,0.4874545454545454,0.4872121212121212,0.524878787878788,11,7,9,16,4,11,3,3,5,5,4,8,2,6,1,3,95,50
337,Midnight Rapture,Anabel Englund,0.6232916666666667,0.4243124999999999,0.4796041666666666,26,36,23,27,43,30,29,37,4,12,3,5,13,8,8,10,159,81
338,Midnight Sky,Miley Cyrus,0.5963703703703706,0.4116666666666668,0.46803703703703714,4,19,6,9,22,20,17,20,2,6,3,5,5,6,4,5,199,85
339,Million Dollar Baby,Ava Max,0.5546750000000001,0.4523499999999999,0.5005500000000002,7,26,2,23,33,15,23,28,3,5,2,10,6,6,3,5,214,55
340,Misery,Memphis May Fire,0.4834285714285713,0.4931020408163264,0.476857142857143,31,9,26,39,7,38,5,8,14,6,10,18,5,18,4,5,167,76
341,Misery Business,Paramore,0.5767450980392158,0.4436862745098038,0.5009019607843138,18,33,17,25,29,26,19,37,6,13,7,8,7,7,6,14,183,86
342,Miss Murder,AFI,0.6119545454545455,0.4835227272727272,0.4837499999999999,10,8,11,23,15,24,16,8,1,7,2,5,9,6,7,7,148,73
343,Misty,Caamp,0.5515333333333333,0.4112,0.45580000000000015,2,3,2,3,6,8,1,7,1,3,1,2,2,7,1,3,77,50
344,Monday,The Regrettes,0.5544523809523809,0.45283333333333337,0.47928571428571426,6,14,6,10,12,11,4,16,4,5,4,5,5,6,2,7,126,59
345,Money,Pink Floyd,0.585576271186441,0.4836610169491525,0.5221525423728814,13,19,2,5,16,1,11,17,8,12,2,5,10,1,5,11,114,86
346,Money Money,Purple Disco Machine::Pink Flamingo Rhythm Revue,0.6297391304347828,0.43363043478260854,0.490586956521739,38,40,3,4,39,7,35,40,5,7,2,3,5,5,3,6,143,75
347,Mother,Matt Maltese,0.6197017543859652,0.4468947368421052,0.5120350877192983,5,22,6,10,21,20,10,22,5,12,6,8,10,9,3,12,114,76
348,Motley Crew,Post Malone,0.5292307692307692,0.4720769230769232,0.4796730769230769,30,14,13,26,16,16,9,30,8,7,5,8,7,6,3,10,254,96
349,Move,DNCE,0.5715121951219511,0.4457073170731707,0.46648780487804875,13,7,5,11,21,9,3,15,6,5,3,6,6,5,2,5,201,69
350,Move Along,The All-American Rejects,0.5515757575757576,0.45945454545454556,0.49196969696969695,8,4,8,9,7,10,3,9,5,2,5,5,3,7,1,5,143,50
351,Move It,Valentino Khan::Dillon Francis,0.502,0.5488,0.4626,0,2,0,0,58,0,0,58,0,1,0,0,2,0,0,2,172,9
352,Mr. Roboto,Styx,0.6338157894736842,0.4695789473684211,0.5552105263157894,0,9,29,8,20,5,3,42,0,6,2,4,10,3,3,9,201,83
353,Mudshovel,Staind,0.40981818181818175,0.5861363636363637,0.46095454545454545,48,21,36,42,25,42,24,25,9,2,6,6,4,9,5,4,121,36
354,Music For a Sushi Restaurant,Harry Styles,0.6321794871794872,0.40200000000000014,0.4570256410256411,4,13,0,3,18,19,11,15,1,6,0,2,8,7,4,6,104,57
355,My Love,Anna of the North,0.6399230769230768,0.3733076923076923,0.5020384615384614,0,23,0,4,18,21,16,19,0,3,0,1,2,3,1,3,152,47
356,My Mother Wants Me Dead,carolesdaughter,0.5269,0.48034999999999994,0.49079999999999996,16,6,17,13,7,27,0,8,3,2,4,4,3,7,0,4,88,25
357,My Own Summer (Shove It),Deftones,0.6204999999999999,0.4239615384615385,0.5471538461538462,45,13,0,2,9,3,6,11,2,4,0,1,3,1,1,5,133,36
358,My Universe,Coldplay::BTS,0.5682954545454546,0.42088636363636367,0.49311363636363653,7,76,3,9,19,38,6,15,3,12,1,4,9,7,4,10,597,197
359,N95,Kendrick Lamar,0.5409694656488548,0.4780534351145033,0.5147862595419849,41,17,32,36,22,32,12,40,17,15,15,24,16,22,9,32,409,225
360,Nail Tech,Jack Harlow,0.5786739130434781,0.4667065217391304,0.5024782608695653,12,15,7,7,31,5,5,35,9,11,5,6,11,5,5,15,295,168
361,Nero Forte,Slipknot,0.48064912280701766,0.472017543859649,0.4536140350877192,25,15,23,23,33,26,11,39,11,8,8,12,5,14,4,10,255,111
362,Never Go Wrong,Nicky Youre::david hugo,0.5761315789473683,0.43647368421052635,0.4977368421052632,26,8,22,26,17,30,5,18,7,5,3,7,7,8,2,8,205,64
363,New Found,Gojira,0.565409090909091,0.42084090909090915,0.48995454545454553,1,9,2,2,18,9,4,17,1,4,2,2,3,7,2,4,104,54
364,Next Time,JESSIA,0.5203582089552239,0.4556716417910448,0.43771641791044763,32,13,23,25,14,23,11,22,13,8,11,14,8,11,7,10,173,98
365,Night Shift,Lucy Dacus,0.5282361111111111,0.472263888888889,0.4795972222222221,19,32,15,19,29,23,20,38,10,16,8,11,11,13,8,16,164,96
366,Nightmares Are Dreams Too,Bloodred Hourglass,0.5548648648648647,0.47937837837837843,0.49297297297297304,13,4,7,17,6,15,7,15,9,3,4,8,4,9,4,10,118,63
367,No One Like You,Scorpions,0.5831666666666666,0.42008333333333336,0.464625,3,21,1,4,16,16,10,17,3,6,1,4,3,7,3,4,96,43
368,No Piensa,Don Diablo::PnB Rock::Boaz van de Beatz,0.6380526315789473,0.44389473684210523,0.5635263157894737,2,7,4,6,34,4,1,11,2,4,3,4,4,3,1,6,179,47
369,No Surprises,Radiohead,0.6205238095238093,0.4645714285714285,0.5706666666666665,3,16,3,20,19,3,20,8,3,6,2,4,8,3,3,6,60,36
370,No Woman,Whitney,0.6039565217391304,0.40739130434782606,0.4839130434782608,0,7,0,4,2,0,0,2,0,5,0,2,1,0,0,1,55,34
371,Nobody Loves Me Like You,Low Roar,0.576391304347826,0.4023913043478261,0.47169565217391307,3,7,2,3,14,5,4,14,3,4,2,3,8,3,2,8,50,36
372,Nookie,Limp Bizkit,0.5188412698412697,0.4602222222222222,0.469888888888889,12,21,6,9,24,18,8,28,10,9,6,7,9,15,5,13,315,129
373,Not Around,Ritt Momney,0.6233170731707316,0.48599999999999977,0.5293414634146342,6,10,3,8,12,8,8,15,5,8,2,6,8,6,6,11,67,59
374,Not Finished,Lil Baby,0.5583401360544219,0.47904761904761917,0.5196394557823131,25,33,14,25,17,19,14,26,17,22,8,19,13,15,12,19,376,240
375,Numb,Marshmello::Khalid,0.5524838709677419,0.4449677419354839,0.4654516129032259,12,16,11,12,32,51,16,32,3,3,2,3,5,7,3,5,178,48
376,Numb,Marshmello::Khalid,0.5828571428571429,0.43279591836734693,0.44769387755102036,7,11,9,9,24,11,11,26,3,5,4,5,5,6,5,7,188,77
377,Numb Little Bug,Em Beihold,0.5828571428571429,0.43279591836734693,0.44769387755102036,7,11,9,9,24,11,11,26,3,5,4,5,5,6,5,7,188,77
378,OK Not To Be OK,Marshmello::Demi Lovato,0.5254074074074073,0.42581481481481487,0.45555555555555544,15,17,18,18,19,28,19,22,3,3,3,4,4,8,5,5,120,48
379,ONE OF US,FEVER 333,0.4816486486486486,0.4855135135135136,0.4807567567567568,35,5,30,25,13,33,7,24,7,4,5,7,5,9,3,10,221,76
380,Obsolete,Of Mice & Men,0.5217592592592594,0.4326851851851853,0.473074074074074,10,15,11,14,9,6,8,15,8,11,9,10,8,6,6,12,116,73
381,Oceans & Engines,NIKI,0.5742254901960784,0.4285882352941176,0.49710784313725503,11,15,8,17,18,27,11,22,10,11,7,14,14,21,6,18,201,157
382,October Passed Me By,girl in red,0.5984883720930232,0.43427906976744185,0.507674418604651,6,9,7,7,8,11,7,12,6,8,7,6,6,9,6,10,85,69
383,October Skies,Mumford & Sons,0.6489199999999999,0.3952399999999999,0.49163999999999997,2,13,1,4,11,7,6,6,2,6,1,4,4,5,3,3,64,35
384,Off Of My Mind,Icona Pop::VIZE,0.5153076923076924,0.45992307692307705,0.48520512820512834,18,5,14,18,3,14,10,6,8,3,6,8,3,6,4,4,195,53
385,Ohio Is For Lovers,Hawthorne Heights,0.5371818181818181,0.42109090909090907,0.44230303030303036,24,16,20,29,20,35,12,22,5,4,4,5,4,7,3,5,194,50
386,One Step Closer,Linkin Park,0.6078800000000001,0.3792400000000001,0.44844,1,2,2,2,4,0,11,5,1,2,1,2,2,0,1,4,151,44
387,Only Ones Who Know,Arctic Monkeys,0.6377352941176472,0.43026470588235305,0.526029411764706,4,7,3,6,9,7,4,10,4,7,3,6,9,6,4,10,77,60
388,Orphans,Coldplay,0.6550975609756098,0.4180243902439023,0.5045121951219511,4,11,4,4,13,13,5,12,3,8,3,3,9,4,4,8,196,64
389,Over It,Drax Project,0.5911621621621621,0.41135135135135126,0.4834054054054055,8,6,2,10,11,10,2,9,7,3,2,8,7,8,2,5,149,74
390,Overkill,Men At Work,0.5936400000000001,0.44488000000000005,0.49343999999999993,9,7,2,10,1,5,7,4,5,5,2,3,1,2,3,2,97,45
391,PUFFIN ON ZOOTIEZ,Future,0.5432314814814817,0.4497777777777776,0.4697777777777777,37,19,36,24,16,29,17,27,12,10,10,9,7,13,8,15,398,182
392,Papercut,Linkin Park,0.5153023255813953,0.45981395348837206,0.47032558139534886,12,25,12,28,43,16,17,45,3,6,3,7,6,6,4,6,258,65
393,Parabola,TOOL,0.6128823529411765,0.49358823529411766,0.493,7,18,6,11,15,6,19,13,4,9,3,4,8,3,9,6,81,38
394,Paranoia,A Day To Remember,0.4916041666666667,0.49668750000000017,0.47275,23,15,10,30,8,17,15,16,7,8,4,14,3,5,6,9,142,64
395,Parasite Eve,Bring Me The Horizon,0.5015614035087718,0.4915964912280701,0.5005263157894739,20,33,30,46,18,27,23,31,10,13,12,17,6,11,9,11,260,99
396,Pass The Nirvana,Pierce The Veil,0.5412388059701493,0.48335820895522397,0.4961194029850748,28,11,9,20,9,11,4,11,17,9,6,13,7,10,3,8,163,94
397,Payback (feat. Icona Pop),Cheat Codes::Icona Pop,0.5619047619047619,0.46309523809523806,0.4899285714285714,33,40,2,16,22,6,20,32,7,10,2,6,6,6,7,13,213,74
398,People Get Up And Drive Your Funky Soul - Remix,James Brown::Fred Wesley::The J.B.'s,0.6578064516129032,0.42477419354838714,0.5008064516129033,6,9,1,4,6,3,6,8,2,5,1,3,2,2,2,4,281,87
399,People Watching,Conan Gray,0.6434634146341462,0.44058536585365854,0.5101219512195122,16,32,9,24,28,21,20,34,6,12,2,8,10,6,5,12,153,81
400,Pet,A Perfect Circle,0.5612244897959184,0.4680612244897958,0.5156530612244898,11,14,9,20,19,8,2,24,7,6,7,10,7,7,2,8,157,63
401,Pictures of Us,beabadoobee,0.6544000000000001,0.44000000000000006,0.6178000000000001,0,12,0,8,6,2,2,6,0,2,0,2,1,1,1,1,72,18
402,Pink Moon,Nick Drake,0.6123333333333334,0.37422222222222223,0.5191111111111111,0,0,0,0,0,0,0,0,0,0,0,0,0,0,0,0,48,11
403,Pink Panther,Scene Queen,0.5771818181818185,0.3794772727272727,0.46043181818181816,1,21,6,0,21,2,2,35,1,6,1,0,7,1,1,9,182,62
404,Pistol,Cigarettes After Sex,0.574896551724138,0.4456896551724139,0.5069655172413793,5,12,4,7,8,11,7,6,4,7,3,5,5,6,4,3,67,43
405,Please Don't Go,Mike Posner,0.5792307692307692,0.43407692307692314,0.4712692307692308,6,19,6,8,52,16,10,10,2,5,2,2,6,5,3,4,183,44
406,Possum Kingdom,Toadies,0.5753571428571428,0.4904285714285715,0.48174999999999996,8,13,6,7,20,8,10,22,5,6,4,5,8,5,4,10,79,43
407,Pressurelicious (feat. Future),Megan Thee Stallion::Future,0.5072452830188678,0.493745283018868,0.48048113207547183,31,15,22,25,13,19,15,15,13,11,10,12,8,8,9,11,374,183
408,Problems,Don Diablo::JLV::John K,0.6138421052631579,0.5237368421052632,0.5028947368421053,2,6,1,13,6,17,7,6,2,4,1,5,4,7,5,4,179,37
409,Promise to Me,Corbin,0.4879189189189189,0.5235135135135135,0.5117297297297296,6,8,6,7,5,11,4,5,6,8,6,7,5,9,4,5,57,52
410,Protect The Land,System Of A Down,0.527304347826087,0.485217391304348,0.5324782608695653,14,4,5,15,3,7,3,28,7,2,4,8,1,4,1,4,114,36
411,Psychosocial,Slipknot,0.46526315789473693,0.4953157894736842,0.46343859649122787,31,9,18,28,6,35,7,8,16,6,13,15,3,16,4,5,145,80
412,Puppet,Faouzia,0.6187600000000001,0.46656000000000014,0.5134000000000001,2,12,1,3,21,11,10,21,2,4,1,3,4,3,3,5,178,45
413,Put Your Records On,Ritt Momney,0.6102888888888889,0.3912666666666668,0.43113333333333326,3,8,4,9,10,9,6,11,3,6,4,8,6,8,4,7,148,82
414,PvP,Amaranthe,0.5521666666666666,0.5274629629629629,0.5682222222222223,27,23,10,27,21,12,20,18,17,13,7,18,9,7,10,9,168,91
415,Pyramids,Otto Knows::Alex Aris,0.5293611111111111,0.4876388888888888,0.4709722222222222,7,6,7,10,3,9,2,4,3,2,3,6,2,5,1,3,96,54
416,READY TO DIE,Adema,0.4710500000000001,0.45017500000000005,0.44947499999999996,25,34,26,27,21,28,14,20,8,11,9,8,6,11,7,6,115,53
417,Raise Your Horns,Amon Amarth,0.5437500000000001,0.5816250000000001,0.550275,10,12,3,12,17,9,2,15,10,6,3,12,6,8,2,9,124,62
418,Rapture,Underoath,0.4987428571428573,0.4568571428571429,0.4631142857142857,14,15,8,10,5,15,1,7,6,7,4,6,3,7,1,4,112,55
419,Rasputin,Majestic::Boney M.,0.5654078947368424,0.48171052631578953,0.5421052631578949,14,18,10,16,22,19,11,27,13,11,9,15,14,14,7,17,196,127
420,Rational Gaze,Meshuggah,0.5510714285714287,0.3987499999999999,0.4995357142857143,7,9,7,10,5,7,3,14,7,9,7,9,5,7,3,13,110,97
421,Reaching Out,Dillon Francis::Bow Anderson,0.5760645161290322,0.4055483870967742,0.4854193548387096,5,7,2,6,9,7,5,10,5,4,2,6,4,4,2,4,113,45
422,Reckless,Madison Beer,0.5665428571428571,0.4868857142857143,0.5255714285714286,15,14,11,15,11,18,14,16,7,7,5,7,6,9,6,9,133,70
423,Redlight,Swedish House Mafia::Sting,0.6192,0.37920000000000004,0.46630000000000005,0,0,0,0,4,0,0,5,0,0,0,0,1,0,0,2,42,12
424,Remember me Happy,Alex Warren,0.6043939393939394,0.44399999999999995,0.48830303030303035,6,11,4,9,11,10,9,16,3,5,2,5,6,6,5,9,110,66
425,Remind Me,Tom Grennan,0.6202258064516127,0.41877419354838713,0.48277419354838713,1,13,0,2,32,8,5,11,1,8,0,2,7,6,4,7,217,71
426,Resentment,A Day To Remember,0.5178780487804878,0.4819024390243903,0.48390243902439023,10,5,11,17,9,24,9,11,3,2,4,6,4,9,2,6,138,65
427,Rich Flex,Drake::21 Savage,0.4903486238532109,0.5094311926605503,0.47949541284403663,63,15,36,44,15,29,23,23,19,10,8,16,11,13,12,15,370,215
428,Rich MF (feat. Polo G & Lil Durk),Trippie Redd::Polo G::Lil Durk,0.5374893617021278,0.48325531914893605,0.4889042553191489,35,22,44,42,19,41,13,33,9,12,12,12,8,9,4,17,379,178
429,Risen,Sevendust,0.47294444444444445,0.5300833333333334,0.46458333333333335,11,20,7,13,15,21,6,15,7,9,6,9,6,12,3,6,124,49
430,Risk It All,Ella Henderson::House Gospel Choir::Just Kiddin,0.5912727272727273,0.4426363636363636,0.4803636363636365,5,38,6,23,31,16,20,30,3,7,4,8,7,7,7,7,168,47
431,Rock You Like A Hurricane,Scorpions,0.534840909090909,0.5132954545454544,0.49959090909090925,14,34,9,22,26,11,10,28,8,13,5,7,7,7,6,8,152,65
432,Rock and A Hard Place,Bailey Zimmerman,0.5255,0.49288235294117655,0.4604411764705882,12,4,11,7,2,15,5,4,4,2,4,3,2,6,3,2,118,55
433,Romantic Homicide,d4vd,0.4480000000000001,0.5224444444444444,0.4602777777777778,5,5,5,8,4,9,2,5,5,5,5,8,4,9,2,5,39,35
434,Romantic Homicide,d4vd,0.4480000000000001,0.5224444444444444,0.4602777777777778,5,5,5,8,4,9,2,5,5,5,5,8,4,9,2,5,39,35
435,Rosetta Stoned,TOOL,0.5634272727272729,0.42096363636363654,0.47906363636363647,22,22,18,20,26,12,16,34,10,16,6,14,14,8,14,19,328,208
436,Rotting In Vain,Korn,0.4581111111111111,0.538925925925926,0.45655555555555566,16,1,20,24,1,22,4,1,8,1,9,12,1,10,2,1,99,41
437,Run,Becky Hill::Galantis,0.5625806451612904,0.5018064516129033,0.518290322580645,15,14,7,13,15,16,21,15,8,4,3,7,6,5,8,6,146,56
438,Run It (feat. Rick Ross & Rich Brian),DJ Snake::Rick Ross::Rich Brian,0.5771343283582091,0.49762686567164194,0.5397761194029852,9,11,10,14,13,10,12,16,7,10,8,11,11,10,10,14,138,116
439,Runnin,21 Savage::Metro Boomin,0.541207920792079,0.5111683168316828,0.513059405940594,32,15,18,36,21,22,12,24,14,9,9,18,13,15,8,15,337,182
440,SICKO MODE,Travis Scott,0.5717285714285717,0.4452571428571428,0.48785000000000006,28,15,16,22,38,23,17,47,14,13,8,16,16,14,11,22,500,269
441,SLOW DANCING IN THE DARK,Joji,0.566121212121212,0.44333333333333336,0.4725454545454546,9,6,0,10,13,12,3,13,3,3,0,4,6,3,1,6,120,56
442,SNAP,Rosa Linn,0.524896551724138,0.4286551724137931,0.44355172413793104,2,1,2,6,0,7,1,2,2,1,2,3,0,4,1,2,142,55
443,STRUT,EMELINE,0.5250487804878048,0.5470243902439026,0.490780487804878,6,16,12,15,19,16,14,17,5,7,4,6,7,5,6,7,113,49
444,STUPID BIG TEETH,EMMY,0.6260967741935485,0.43687096774193546,0.5250322580645161,1,4,1,7,10,10,1,9,1,4,1,5,6,7,1,6,127,54
445,SUPERBLOOM,MisterWives,0.6028620689655171,0.41458620689655173,0.5033103448275863,10,15,2,4,9,3,2,13,3,4,1,3,4,2,2,4,149,55
446,SUPERBLOOM,MisterWives,0.6028620689655171,0.41458620689655173,0.5033103448275863,10,15,2,4,9,3,2,13,3,4,1,3,4,2,2,4,149,55
447,SUPERMODEL,Måneskin,0.6221777777777778,0.47311111111111115,0.5160666666666666,4,19,4,3,17,14,13,20,4,11,3,3,9,7,6,12,119,68
448,SYSTEMATIC,While She Sleeps,0.4694374999999999,0.513625,0.4451875000000001,8,3,5,8,4,21,2,10,4,3,4,6,2,8,2,5,115,52
449,Sacrifice,Bebe Rexha,0.6233437499999999,0.43590625000000005,0.51428125,3,8,22,21,2,25,1,2,2,4,4,3,2,5,1,2,138,48
450,Satellite,Khalid,0.5672,0.41042500000000004,0.476425,10,5,0,25,11,11,2,23,5,4,0,8,4,6,2,5,172,63
451,Savage,Tiësto::Deorro,0.541207920792079,0.5111683168316828,0.513059405940594,32,15,18,36,21,22,12,24,14,9,9,18,13,15,8,15,337,182
452,Say It (To My Face),Meet Me @ The Altar,0.6516046511627909,0.47951162790697666,0.5034186046511627,3,11,4,7,18,13,10,19,2,5,2,3,7,5,4,9,163,67
453,Say My Name,Dimitri Vegas & Like Mike::Regard::Dimitri Vegas,0.5986666666666667,0.3766666666666666,0.4661111111111112,1,7,0,8,36,5,10,9,1,3,0,2,2,1,2,5,195,52
454,Scott Street,Phoebe Bridgers,0.6100588235294117,0.48464705882352943,0.5018235294117649,8,8,8,12,9,7,7,9,5,5,4,5,6,3,4,6,70,52
455,Self Sabotage,Abe Parker,0.6018846153846155,0.43128846153846145,0.5041153846153846,7,3,6,10,8,14,9,7,5,3,6,7,5,9,5,6,133,81
456,Self-Destruction,I Prevail,0.5723380281690144,0.4796760563380282,0.5344366197183099,17,21,15,21,19,17,9,25,9,14,7,13,13,8,8,18,201,120
457,Serial Heartbreaker,FLETCHER,0.5038484848484849,0.46360606060606047,0.45366666666666666,9,22,5,7,16,7,7,16,7,7,3,2,7,3,4,7,125,58
458,Set You Free,Lucas & Steve::Laura White,0.6845714285714285,0.427,0.49114285714285716,5,10,5,5,10,10,10,10,1,2,1,1,2,2,2,2,32,10
459,Seven Nation Army,The White Stripes,0.5477674418604651,0.4403255813953489,0.49393023255813956,5,4,8,11,2,9,4,6,5,4,5,7,2,6,4,6,88,67
460,Shadow Puppets,Payday,0.6112888888888889,0.40542222222222213,0.48999999999999994,18,7,6,7,23,15,12,22,6,3,2,3,7,7,4,6,164,75
461,Shadowplay,The Killers,0.551657894736842,0.44849999999999995,0.48818421052631567,4,7,2,4,4,4,3,10,4,4,2,4,4,4,3,8,61,49
462,Sharing Locations (feat. Lil Baby & Lil Durk),Meek Mill::Lil Durk::Lil Baby,0.5305164835164835,0.5289230769230768,0.5066923076923078,43,16,34,44,16,32,19,20,18,13,13,22,10,13,7,13,222,150
463,Sheesh!,Surfaces::Tai Verdes,0.6128181818181817,0.5014545454545455,0.5341272727272728,17,13,7,8,21,8,7,16,7,10,5,6,7,6,4,9,250,108
464,Sheesh!,Surfaces::Tai Verdes,0.6128181818181817,0.5014545454545455,0.5341272727272728,17,13,7,8,21,8,7,16,7,10,5,6,7,6,4,9,250,108
465,Shivers,Ed Sheeran,0.6168035714285715,0.45869642857142867,0.4836785714285714,23,30,6,26,57,29,17,49,6,8,3,7,10,7,5,11,252,79
466,Shockwave,Marshmello,0.7352222222222222,0.45811111111111114,0.5923333333333333,16,28,10,22,26,16,10,32,2,4,1,3,3,2,1,4,132,15
467,Show Runner 99,Ritt Momney,0.6056428571428574,0.4197380952380952,0.5012857142857143,12,19,4,10,16,7,16,18,7,13,3,4,12,5,9,14,122,73
468,Since U Been Gone,Kelly Clarkson,0.6248823529411764,0.4187058823529412,0.5073235294117646,1,11,1,3,8,7,4,3,1,7,1,1,3,4,4,3,131,51
469,Sister Golden Hair,America,0.5953823529411766,0.4504117647058824,0.5181470588235293,6,9,4,3,6,3,4,7,4,6,3,2,4,2,2,5,101,53
470,Skate,Bruno Mars::Anderson .Paak::Silk Sonic,0.6127674418604652,0.4751162790697675,0.4902558139534884,4,9,4,1,19,3,3,8,3,7,3,1,8,3,3,6,216,82
471,Skyline,Khalid,0.597310344827586,0.4422068965517241,0.4804827586206896,9,19,9,10,18,12,10,25,1,4,1,2,5,4,2,6,150,46
472,Slow Down,Peter McPoland,0.5475853658536584,0.4365853658536587,0.4810975609756097,21,15,24,22,11,29,16,18,5,6,8,8,4,9,7,7,129,54
473,Smile,Taproot,0.7050714285714286,0.48142857142857143,0.5714285714285714,1,4,1,2,6,6,3,5,1,4,1,2,5,4,2,4,31,27
474,Smile in the Face of the Devil,Matt Maltese,0.5492962962962963,0.4768888888888888,0.5104444444444445,14,8,13,13,12,13,12,12,5,4,4,4,3,4,3,3,64,35
475,Smoke Signals,Phoebe Bridgers,0.550845070422535,0.46539436619718316,0.4831267605633804,6,10,9,12,8,14,2,7,5,10,6,11,6,11,2,7,137,111
476,Smoke Signals,Phoebe Bridgers,0.550845070422535,0.46539436619718316,0.4831267605633804,6,10,9,12,8,14,2,7,5,10,6,11,6,11,2,7,137,111
477,So Called Life,Three Days Grace,0.6066296296296296,0.5253703703703705,0.5361851851851851,15,23,9,9,15,9,7,18,5,5,4,4,6,5,4,5,154,42
478,So Far Away,Surfaces,0.5913793103448277,0.3309310344827586,0.4229310344827586,19,25,18,22,36,32,17,27,3,3,2,5,4,7,1,2,201,59
479,So Much Love,Nicky Romero::Almero,0.73425,0.48525,0.6236666666666667,0,10,0,2,8,6,8,6,0,3,0,1,2,1,2,1,84,21
480,Solitude,Billie Holiday,0.43821739130434784,0.4784782608695652,0.4106521739130435,7,3,8,10,2,15,3,8,5,2,5,7,1,10,2,4,55,30
481,Somebody You Like,Felix Jaehn,0.6487333333333333,0.3782666666666667,0.4869333333333332,1,7,1,1,14,1,2,14,1,3,1,1,3,1,2,3,101,29
482,Someone To You,BANNERS,0.6043428571428571,0.44620000000000004,0.5027428571428572,9,16,6,8,10,17,7,17,4,7,3,5,6,6,3,8,168,56
483,Something About Your Love,SG Lewis,0.6556000000000001,0.4408,0.5537,2,23,1,1,22,22,23,24,2,3,1,1,2,2,3,4,74,18
484,Something To Do,Haley Joelle,0.5735098039215686,0.46790196078431384,0.4821960784313725,8,15,8,25,11,30,7,14,6,10,6,8,8,11,6,8,155,83
485,Something in the Orange,Zach Bryan,0.5533478260869564,0.4062826086956522,0.4560217391304348,11,6,11,14,6,12,4,3,6,5,6,9,5,7,4,3,119,72
486,Something in the Orange,Zach Bryan,0.5533478260869564,0.4062826086956522,0.4560217391304348,11,6,11,14,6,12,4,3,6,5,6,9,5,7,4,3,119,72
487,Sorry,Deb Never,0.5952222222222221,0.4551851851851852,0.5017777777777778,4,8,2,5,6,11,5,10,3,5,1,4,4,6,3,7,90,42
488,Sorry for Me,Ricky Montgomery,0.5952222222222221,0.4551851851851852,0.5017777777777778,4,8,2,5,6,11,5,10,3,5,1,4,4,6,3,7,90,42
489,Space Song,Beach House,0.5629583333333333,0.44083333333333335,0.458,1,0,0,2,3,10,1,3,1,0,0,2,3,6,1,3,51,35
490,Sparks,Coldplay,0.5789230769230769,0.47123076923076923,0.5330769230769232,3,2,1,1,3,6,0,3,2,1,1,1,2,4,0,2,64,22
491,Sparks,Coldplay,0.5789230769230769,0.47123076923076923,0.5330769230769232,3,2,1,1,3,6,0,3,2,1,1,1,2,4,0,2,64,22
492,Special,Lizzo,0.5645277777777779,0.49983333333333335,0.5287777777777778,13,24,10,24,32,29,11,32,6,8,5,9,6,11,3,8,154,70
493,Spring Cleaning,Maddie & Tae,0.5992857142857143,0.4235476190476192,0.48133333333333334,5,13,7,4,26,3,8,29,3,7,5,4,8,3,6,11,146,67
494,Starlight (Keep Me Afloat),Martin Garrix::DubVision::Shaun Farrugia,0.626727272727273,0.4086363636363637,0.49130303030303046,5,11,5,7,11,6,6,23,2,5,2,3,6,3,3,10,137,45
495,Starstruck,Years & Years,0.6653448275862069,0.4608620689655172,0.521,4,15,1,3,43,6,11,35,3,6,1,2,10,3,3,8,149,51
496,State Of Grace (Taylor's Version),Taylor Swift,0.5618703703703706,0.46896296296296297,0.5128333333333335,13,19,8,16,16,19,16,18,7,6,5,11,6,9,5,8,123,71
497,Stick Season,Noah Kahan,0.536776119402985,0.43322388059701494,0.4536417910447761,20,18,16,19,18,30,16,21,10,9,8,11,9,16,8,11,176,95
498,Straight Up Relaxin' (feat. Cosmo's Midnight),Yung Bae::Cosmo's Midnight,0.6333333333333333,0.437,0.4718749999999999,3,21,2,2,10,7,3,6,2,4,1,1,5,4,2,4,148,49
499,Stranded,Gojira,0.4568888888888889,0.4252592592592594,0.44200000000000006,18,1,11,21,3,24,4,1,7,1,6,9,2,10,1,1,91,39
500,Strange,Celeste,0.5297222222222222,0.43225,0.4288055555555556,5,4,3,10,6,3,2,8,2,3,2,2,3,2,2,4,89,50
501,Stronger,Britney Spears,0.5285,0.42485,0.46799999999999997,7,2,1,11,3,11,0,1,3,2,1,3,1,3,0,1,98,47
502,"Sugar, We're Goin Down",Fall Out Boy,0.5208409090909091,0.44077272727272726,0.4514318181818181,6,10,6,18,8,7,2,13,4,3,4,6,1,5,1,4,199,55
503,Summer In New York,Sofi Tukker,0.6025999999999999,0.41034666666666675,0.479,6,13,4,8,12,8,7,14,5,11,3,7,10,7,6,12,138,110
504,Sunroof,Nicky Youre::dazy,0.621,0.44651724137931026,0.5326551724137931,8,16,5,8,17,6,8,19,2,5,1,2,7,2,2,7,195,44
505,Sunsetz,Cigarettes After Sex,0.6336129032258064,0.4471290322580645,0.4970322580645161,1,8,0,7,7,7,5,9,1,7,0,4,6,4,4,8,72,44
506,Sunshine,OneRepublic,0.5780740740740741,0.42718518518518506,0.48392592592592587,11,8,4,12,31,9,8,21,9,6,4,9,9,8,5,11,231,102
507,Super Freaky Girl,Nicki Minaj,0.5282702702702703,0.47335135135135153,0.4622972972972971,12,14,11,13,10,18,10,9,4,9,3,5,7,6,4,8,239,140
508,Super Gremlin,Kodak Black,0.5056860465116279,0.49454651162790697,0.4873372093023255,24,16,22,26,31,24,3,33,14,11,12,19,11,15,3,14,324,179
509,Surf,Mac Miller,0.5821219512195123,0.3768292682926828,0.447878048780488,6,7,7,3,9,7,2,9,5,3,6,3,6,6,2,6,154,79
510,Sweetest Pie,Megan Thee Stallion::Dua Lipa,0.6012999999999997,0.4462571428571428,0.46684285714285717,12,8,7,6,17,11,0,11,8,5,4,5,4,7,0,6,291,135
511,Sweetest Pie,Megan Thee Stallion::Dua Lipa,0.6012999999999997,0.4462571428571428,0.46684285714285717,12,8,7,6,17,11,0,11,8,5,4,5,4,7,0,6,291,135
512,THATS WHAT I WANT,Lil Nas X,0.6085249999999999,0.444675,0.5076000000000002,10,18,6,10,21,37,16,20,7,5,3,6,6,11,3,5,153,76
513,THATS WHAT I WANT,Lil Nas X,0.6085249999999999,0.444675,0.5076000000000002,10,18,6,10,21,37,16,20,7,5,3,6,6,11,3,5,153,76
514,THATS WHAT I WANT,Lil Nas X,0.6085249999999999,0.444675,0.5076000000000002,10,18,6,10,21,37,16,20,7,5,3,6,6,11,3,5,153,76
515,TV,Billie Eilish,0.5252894736842105,0.4871578947368421,0.4915,2,16,3,22,22,28,9,12,2,7,3,6,4,9,4,5,143,56
516,TV,Billie Eilish,0.5252894736842105,0.4871578947368421,0.4915,2,16,3,22,22,28,9,12,2,7,3,6,4,9,4,5,143,56
517,Tainted Love,Soft Cell,0.5797647058823531,0.46644117647058825,0.4748823529411767,4,24,5,8,26,43,22,23,4,5,4,6,6,9,3,4,128,56
518,Tarot,Bad Bunny::Jhayco,0.5152777777777777,0.4663333333333333,0.45999999999999996,5,7,2,5,13,9,7,1,4,1,1,3,3,2,1,1,402,166
519,Taste of You,Rezz::Dove Cameron,0.48343243243243245,0.5290810810810813,0.4848108108108108,11,4,11,12,2,11,0,0,4,4,4,5,1,4,0,0,137,55
520,Teardrops,Bring Me The Horizon,0.4870714285714286,0.546,0.4933571428571429,21,12,18,25,12,28,15,11,9,5,7,10,5,12,7,4,154,62
521,Tears For Later,Don Diablo::Galantis,0.599625,0.47218749999999987,0.461625,8,16,22,22,34,34,16,30,2,4,2,2,5,5,4,4,168,23
522,Teenage Dirtbag,Wheatus,0.5507391304347827,0.4287391304347826,0.48028260869565226,7,3,5,4,11,2,1,8,5,3,3,4,3,2,1,5,122,67
523,Teenagers,My Chemical Romance,0.4746190476190477,0.4855952380952381,0.46671428571428575,26,14,19,25,5,30,17,7,10,6,7,9,4,10,5,6,164,71
524,Ten Ton Hammer,Machine Head,0.48390909090909084,0.505159090909091,0.47174999999999995,15,5,10,13,5,13,5,8,15,5,10,13,4,13,5,7,64,57
525,The 30th,Billie Eilish,0.5648055555555556,0.448,0.46819444444444447,6,18,0,11,9,6,7,21,4,10,0,6,5,4,5,12,98,63
526,The 30th,Billie Eilish,0.5648055555555556,0.448,0.46819444444444447,6,18,0,11,9,6,7,21,4,10,0,6,5,4,5,12,98,63
527,The Bug Collector,Haley Heynderickx,0.5741999999999999,0.4334799999999999,0.52532,2,10,1,3,5,1,4,9,2,5,1,3,3,1,2,5,64,40
528,The Cave,Mumford & Sons,0.5756129032258066,0.45854838709677415,0.49401612903225817,10,16,7,17,10,24,6,20,5,10,5,12,8,16,3,12,126,77
529,The Drug In Me Is You,Falling In Reverse,0.4906301369863014,0.4961917808219176,0.4762328767123289,19,18,12,27,9,32,4,18,12,10,9,17,7,18,3,12,168,103
530,The Drum,Alan Walker,0.6077000000000001,0.4345666666666668,0.4813,9,7,0,7,9,10,3,10,3,3,0,2,3,3,1,3,200,61
531,The Fall,The Chainsmokers::Ship Wrek,0.5839999999999999,0.5171,0.5057,12,18,7,12,10,45,34,11,3,5,1,3,4,8,3,5,123,30
532,The Funk,TIEKS::MNEK,0.677,0.5052222222222222,0.568,10,16,5,7,21,31,12,16,2,4,1,2,5,4,3,4,105,23
533,The Good Part,AJR,0.6368918918918918,0.41816216216216223,0.5333513513513515,2,19,2,2,15,8,11,19,2,8,2,2,7,3,4,9,127,54
534,The Hardest Part,Alexander 23,0.6482727272727273,0.40393181818181817,0.507840909090909,2,22,1,2,13,14,15,16,2,10,1,2,7,6,5,8,147,74
535,The Man,Taylor Swift,0.571191489361702,0.5205319148936172,0.5471063829787234,11,10,16,18,14,19,8,18,7,4,6,8,7,5,3,11,178,77
536,The One You Know,Alice In Chains,0.54592,0.41447999999999996,0.44632,4,5,2,14,3,10,4,3,3,4,2,10,2,6,3,3,83,47
537,The Remedy,Polaris,0.47541071428571435,0.45366071428571436,0.4366428571428571,18,19,21,21,9,21,6,20,9,7,11,12,3,13,3,6,145,77
538,The Taste of Ink,The Used,0.6064186046511628,0.4121627906976745,0.49055813953488364,2,24,7,5,19,12,4,22,2,12,4,5,8,6,3,10,121,68
539,The Violence,Asking Alexandria,0.4907391304347826,0.46463043478260874,0.463,24,4,6,29,1,35,2,6,6,4,6,11,1,10,2,6,150,77
540,Thelma + Louise,Bastille,0.5805555555555557,0.46472222222222226,0.5158611111111111,16,10,2,23,20,15,12,21,4,1,2,5,3,6,3,4,142,55
541,Therefore I Am,Billie Eilish,0.5938378378378377,0.48889189189189175,0.5455405405405405,13,16,13,9,15,4,3,17,6,6,6,7,5,4,3,8,150,67
542,These Nights,Loud Luxury::KIDDO,0.6257037037037038,0.49759259259259275,0.5508148148148148,11,25,7,6,16,12,11,18,4,7,3,3,4,5,4,5,122,39
543,They Don't Want What We Want (And They Don't Care),Asking Alexandria,0.5557777777777777,0.4812666666666667,0.5224000000000002,22,21,19,46,22,41,17,25,6,8,5,10,6,6,4,9,176,70
544,This Time Tomorrow,Brandi Carlile,0.5358510638297873,0.44919148936170217,0.48614893617021293,7,20,1,23,16,17,10,16,6,11,1,15,11,11,7,12,122,65
545,Three Specters,J. Maya,0.5616279069767441,0.4445116279069767,0.4908139534883721,4,5,2,10,5,13,8,7,4,4,2,7,4,8,5,6,93,65
546,Thunderstruck,AC/DC,0.5666571428571429,0.5241714285714284,0.5172857142857142,20,8,1,22,11,4,2,8,6,7,1,6,8,3,2,7,129,61
547,Time,Vundabar,0.5145813953488372,0.46939534883720935,0.48811627906976746,9,16,6,7,10,7,7,16,8,10,5,7,7,4,4,9,92,65
548,Tití Me Preguntó,Bad Bunny,0.5212,0.3877,0.4488,0,1,0,1,1,1,0,2,0,1,0,1,1,1,0,2,456,160
549,To the Mountains,Lizzy McAlpine,0.6051612903225806,0.40151612903225803,0.4821612903225806,2,10,3,2,4,5,4,5,2,7,3,2,4,5,4,5,75,49
550,Tomb,Angelo De Augustine,0.5723333333333334,0.48963888888888873,0.5020277777777777,2,8,1,5,8,12,2,8,2,4,1,4,5,7,2,6,62,45
551,Tomboy,Destiny Rogers,0.6160000000000001,0.49050000000000005,0.5359423076923078,5,18,2,19,32,3,10,32,5,11,2,6,11,3,7,12,267,88
552,Too Fast,Sydney Rose,0.5473333333333332,0.4186666666666666,0.4574583333333333,1,7,2,7,7,15,7,6,1,4,2,5,4,4,3,4,127,51
553,"Too Much, Too Young, Too Fast",Airbourne,0.54425,0.4769249999999999,0.48235,5,3,9,11,5,15,3,9,5,3,7,9,5,7,3,7,110,64
554,Towers,Bon Iver,0.5345128205128206,0.44510256410256405,0.4573589743589744,0,6,1,3,6,3,4,9,0,5,1,3,3,2,3,6,74,65
555,Trial By Fire,Saul,0.47371428571428575,0.49995238095238104,0.47800000000000004,7,2,6,18,2,13,1,4,4,2,3,5,2,5,1,2,74,28
556,Triptych,Samia,0.6371041666666669,0.42458333333333326,0.4759791666666667,0,9,7,0,10,7,9,12,0,5,6,0,6,6,4,8,88,68
557,Turbulent,Waterparks,0.5748857142857141,0.46094285714285704,0.5024571428571429,18,7,7,19,12,16,5,17,7,4,4,8,5,10,2,7,131,70
558,Turn On The Lights again.. (feat. Future),Fred again..::Swedish House Mafia::Future,0.6268333333333334,0.33249999999999996,0.4789999999999999,0,0,0,0,1,0,0,1,0,0,0,0,1,0,0,1,139,14
559,Twin Size Mattress,The Front Bottoms,0.5626538461538461,0.45362820512820534,0.4811025641025641,6,26,7,27,27,14,10,22,6,17,7,21,15,11,9,14,161,118
560,Tyler's Song,Coal Chamber,0.6442173913043477,0.4701739130434783,0.5978260869565217,8,6,5,4,8,6,4,10,4,4,2,2,5,3,3,6,71,39
561,Ugly,Ella Henderson,0.5505714285714285,0.4637142857142859,0.46395918367346944,16,9,30,38,15,41,6,14,8,5,8,13,6,14,3,7,183,80
562,Unfuck The World,Prophets Of Rage,0.5035053763440864,0.513516129032258,0.5077096774193548,36,21,23,35,20,34,7,29,21,10,12,21,11,20,6,15,244,142
563,Unstoppable,Sia,0.6216,0.48777499999999996,0.5168999999999999,11,11,9,18,17,7,10,30,5,6,5,8,9,5,6,11,152,58
564,Until I Found You,Stephen Sanchez,0.5036666666666667,0.4541666666666667,0.4089444444444444,4,4,0,4,15,21,4,15,2,1,0,2,3,6,1,3,97,33
565,Upside Down,JVKE,0.6396363636363639,0.44000000000000006,0.5191515151515151,11,10,10,12,21,12,7,17,4,4,3,5,7,6,3,7,138,62
566,Ur Gonna Wish U Believed Me,Cavetown,0.5293888888888888,0.4209444444444445,0.44405555555555554,7,22,7,11,9,12,1,17,3,5,3,4,3,5,1,4,87,39
567,VERY ALONE,Zaia,0.56815,0.43025,0.5068999999999999,3,5,1,3,4,6,0,8,3,3,1,3,3,3,0,5,112,36
568,Vegas (From the Original Motion Picture Soundtrack ELVIS),Doja Cat,0.5304025974025975,0.45696103896103907,0.47019480519480544,16,10,11,11,7,13,6,16,11,10,9,10,7,12,6,9,289,120
569,Venting to Strangers,EMELINE,0.5297222222222222,0.43225,0.4288055555555556,5,4,3,10,6,3,2,8,2,3,2,2,3,2,2,4,89,50
570,Vibe Check,GRiZ,0.6756249999999999,0.477,0.5221250000000001,1,8,1,0,9,0,8,8,1,2,1,0,3,0,2,2,36,17
571,Violent Mood Swings,Spineshank,0.5685263157894735,0.44873684210526327,0.43936842105263163,26,0,26,31,24,30,0,36,3,0,3,7,1,7,0,3,188,50
572,Visitation Of The Ghost,The Brobecks,0.6096923076923078,0.4544615384615385,0.5108846153846154,6,9,35,12,13,1,1,54,3,2,2,4,3,1,1,5,153,43
573,W.I.T.C.H.,Devon Cole,0.5599411764705882,0.5302647058823529,0.5359411764705883,8,5,3,8,10,5,10,8,7,4,3,7,7,5,6,5,110,52
574,Walk,Pantera,0.6569473684210527,0.4437368421052633,0.5021315789473685,4,22,1,3,19,5,4,23,4,7,1,3,6,5,3,9,107,53
575,Want You Bad,The Offspring,0.556457142857143,0.42360000000000003,0.49548571428571425,28,10,25,25,4,36,2,3,5,7,3,3,4,5,2,3,103,52
576,Wants and Needs (feat. Lil Baby),Drake::Lil Baby,0.5822169811320752,0.4373207547169808,0.4877358490566038,22,34,11,15,30,23,14,38,11,16,5,10,15,13,6,22,305,190
577,"Wasteland, Baby!",Hozier,0.5103720930232557,0.44709302325581407,0.45606976744186023,8,26,3,16,31,30,20,26,6,10,2,11,9,13,7,10,120,67
578,Watermelon Sugar,Harry Styles,0.7026842105263159,0.4689473684210526,0.5197894736842106,1,2,0,0,8,3,1,7,1,1,0,0,4,1,1,3,159,35
579,Wave of You,Surfaces,0.5564615384615386,0.4211282051282051,0.4628974358974359,15,9,6,14,11,16,4,7,6,3,2,6,5,6,1,4,130,68
580,Wave of You,Surfaces,0.5564615384615386,0.4211282051282051,0.4628974358974359,15,9,6,14,11,16,4,7,6,3,2,6,5,6,1,4,130,68
581,Way Less Sad,AJR,0.48384615384615376,0.4869487179487179,0.4334102564102564,19,29,20,21,29,46,22,40,8,5,9,9,5,12,5,7,154,57
582,Way Out (feat. Big Sean),Jack Harlow::Big Sean,0.5549270833333336,0.4663020833333333,0.48914583333333345,32,15,19,22,28,21,11,31,14,12,9,11,13,9,6,17,400,179
583,We Need to Talk,Matt Maltese,0.6228260869565216,0.4557391304347826,0.5291304347826088,4,14,4,5,9,12,5,10,2,7,2,3,5,5,2,6,93,45
584,We Will Meet Again,San Holo::Jai Wolf,0.7184444444444443,0.48366666666666663,0.5774444444444444,0,6,0,0,6,2,2,6,0,3,0,0,3,1,1,3,33,12
585,Weapons,Ava Max,0.5433478260869566,0.4895869565217392,0.5281304347826089,19,11,3,18,13,11,7,19,5,4,3,8,4,7,3,7,167,71
586,Welcome To The Jungle,Guns N' Roses,0.620341463414634,0.5308048780487804,0.5105121951219513,7,15,8,39,22,13,5,14,6,8,5,12,12,7,4,7,153,73
587,What It Feels Like,Navos::Galantis::YOU,0.6297499999999999,0.47058333333333335,0.5300833333333334,11,21,11,11,27,29,23,27,2,2,2,2,3,4,3,3,78,18
588,What Would You Do?,Joel Corry::David Guetta::Bryson Tiller,0.5758181818181818,0.4289090909090909,0.45300000000000007,6,17,7,9,26,14,17,9,2,5,3,5,5,4,5,2,176,40
589,What's Been On Your Mind?,Surfaces,0.5989655172413794,0.37993103448275867,0.4476206896551725,7,5,3,9,6,9,3,8,3,3,1,4,2,4,1,3,61,34
590,What's My Age Again?,blink-182,0.5790000000000002,0.47778723404255313,0.5184680851063828,6,13,6,14,14,13,2,13,4,6,4,10,5,9,2,6,144,73
591,What's Up?,Mom Jeans.,0.5708823529411765,0.4315882352941176,0.507235294117647,14,12,12,15,16,13,5,14,8,4,7,9,8,7,2,7,96,58
592,Wheelie (feat. 21 Savage),Latto::21 Savage,0.5535051546391752,0.46577319587628857,0.4538556701030928,14,44,17,29,61,16,17,65,7,13,6,10,12,8,6,15,391,168
593,When I'm Right,Morgan Page::Sick Individuals::Asia Whiteacre,0.5209803921568626,0.5055686274509803,0.5293921568627451,12,12,10,16,10,9,7,10,9,9,7,10,6,6,7,6,96,74
594,When The Summer Dies,deadmau5::Lights,0.564375,0.4752916666666667,0.46925,22,39,13,37,45,55,10,36,10,7,7,11,9,13,4,10,191,74
595,When Worlds Collide,Powerman 5000,0.5353461538461537,0.4405,0.5065000000000001,4,20,4,6,29,4,0,25,4,6,4,6,3,4,0,6,152,55
596,When the Night is Over,Lord Huron,0.5946874999999999,0.41443749999999996,0.45833333333333326,5,10,4,12,8,11,8,9,5,7,4,10,5,9,6,6,90,62
597,Where Are You Now,Lost Frequencies::Calum Scott,0.6112812500000002,0.41684375000000007,0.4636249999999999,6,15,5,9,19,21,7,19,3,6,2,5,7,9,4,7,151,48
598,While You're At It,Jessie Murph,0.4934324324324324,0.4728108108108109,0.4664594594594594,17,3,13,8,13,8,4,8,9,3,7,8,5,8,4,6,119,69
599,White Ferrari,Frank Ocean,0.6265507246376811,0.38889855072463764,0.4915072463768116,3,18,5,5,17,9,10,14,3,11,5,5,10,9,7,10,136,105
600,White Roses,Flyte::The Staves,0.6418181818181818,0.4221212121212122,0.49600000000000005,1,9,1,4,19,7,6,14,1,6,1,3,7,5,4,9,70,44
601,Who Do You Love,ARTY::Rozzi,0.5827142857142856,0.40535714285714286,0.454,5,30,3,6,23,21,22,22,5,7,3,6,6,4,5,5,103,48
602,Why Am I Like This?,Orla Gartland,0.52609375,0.4897187500000001,0.48481250000000004,6,2,1,2,46,8,3,47,4,1,1,2,2,5,2,2,199,61
603,Wild Horses - 2009 Mix,The Rolling Stones,0.49039999999999995,0.4876285714285714,0.4477714285714285,9,5,10,11,5,15,14,14,9,5,10,11,5,15,3,7,88,48
604,Wish You Well,Jack Kays,0.6048125000000001,0.40615625,0.51853125,3,26,5,4,9,5,6,18,2,10,3,3,6,3,5,10,122,54
605,Woke Up in Love,Kygo::Gryffin::Calum Scott,0.5667187499999999,0.5192187500000001,0.49521874999999993,7,42,8,10,47,43,33,48,6,6,4,7,7,8,4,7,153,55
606,Wolves (feat. Post Malone),Big Sean::Post Malone,0.5282891566265061,0.468144578313253,0.47067469879518065,32,15,12,21,28,16,26,36,12,9,11,14,9,15,7,17,293,142
607,Woman,Doja Cat,0.6428307692307692,0.412923076923077,0.5420615384615384,4,11,3,6,16,6,1,17,3,9,2,5,12,4,1,13,244,125
608,Wonder Woman,John Legend,0.6309199999999999,0.44071999999999995,0.54816,3,3,1,1,9,2,6,15,3,3,1,1,4,2,2,8,94,53
609,World Hold On - FISHER Rework,Bob Sinclar::FISHER::Steve Edwards,0.6619999999999999,0.4563333333333332,0.5540222222222224,12,27,8,5,17,16,9,26,5,9,4,3,7,6,4,10,201,69
610,World's Smallest Violin,AJR,0.5392142857142856,0.5062857142857143,0.5050892857142857,24,34,24,29,35,24,19,38,10,13,10,14,11,12,8,14,208,102
611,Worth It,Amber Mark,0.6045555555555556,0.4608333333333333,0.5200833333333335,37,33,19,17,34,23,12,31,7,7,3,4,6,7,2,7,218,67
612,Wounded,Ferry Corsten::Morgan Page::Cara Melín,0.6152,0.41057777777777776,0.5112666666666666,8,22,8,11,21,25,14,23,3,9,3,4,6,8,3,8,119,72
613,YEAH RIGHT,Joji,0.6186000000000001,0.4881666666666667,0.5190333333333333,7,6,5,7,11,9,6,10,4,3,3,4,6,6,3,5,137,51
614,You Are Going to Hate This,The Frights,0.5732424242424243,0.45890909090909093,0.4711515151515151,3,5,2,4,8,7,4,8,3,5,2,4,5,7,4,5,49,39
615,You Got The Love,Never Sleeps::Afrojack::Chico Rose,0.6545161290322581,0.41254838709677416,0.5339999999999999,2,25,1,5,34,21,24,42,2,4,1,3,6,3,4,11,136,47
616,"You're Gonna Go Far, Kid",The Offspring,0.58968,0.48303999999999986,0.51664,21,6,7,9,16,8,15,21,8,4,4,5,7,5,7,11,188,75
617,You've Got To Let Go If You Want To Be Free,Disclosure::Zedd,0.5830000000000001,0.4038888888888889,0.48255555555555557,5,0,10,5,0,20,0,5,1,0,2,1,0,2,0,1,137,12
618,Young & Sad,Noah Cyrus,0.6046,0.4178,0.471425,10,10,12,16,16,30,10,22,3,5,4,6,10,10,5,9,141,66
619,Your Betrayal,Bullet For My Valentine,0.4750697674418604,0.5168372093023254,0.5022325581395349,32,15,31,15,15,29,29,23,12,7,12,10,7,11,8,9,142,63
620,Your Graduation,Modern Baseball,0.5458000000000001,0.44787272727272714,0.47192727272727264,3,15,1,2,4,6,6,15,3,7,1,1,3,4,3,7,148,73
621,Your Light,GRiZ,0.771,0.32,0.519,0,0,0,0,0,0,0,0,0,0,0,0,0,0,0,0,52,5
622,Yours,Conan Gray,0.6066774193548385,0.418,0.48858064516129035,0,9,0,5,11,13,6,13,0,6,0,3,5,3,3,7,101,54
623,almost happy,elijah woods,0.5361111111111112,0.47066666666666673,0.47166666666666657,5,26,3,9,18,6,3,23,5,8,3,7,4,6,3,8,115,56
624,anything,Adrianne Lenker,0.588642857142857,0.4659999999999999,0.4967023809523812,8,20,2,10,18,14,11,17,7,13,2,8,11,9,5,13,197,110
625,august,Taylor Swift,0.5934883720930232,0.42434883720930233,0.47337209302325584,2,26,3,8,16,19,18,26,1,7,2,4,4,8,5,7,197,69
626,brutal,Olivia Rodrigo,0.5661311475409835,0.505983606557377,0.5187868852459017,19,19,11,24,17,22,5,16,11,12,8,14,10,15,5,10,132,88
627,cardigan,Taylor Swift,0.5748870967741937,0.45606451612903226,0.46433870967741925,8,15,8,13,22,12,10,18,7,9,7,11,11,11,7,9,173,101
628,ceilings,Lizzy McAlpine,0.6141944444444444,0.40802777777777777,0.4981666666666666,6,16,4,5,15,10,11,13,4,8,2,3,5,5,4,5,77,49
629,chaotic,Tate McRae,0.4917551020408164,0.49404081632653063,0.47522448979591847,20,11,13,19,15,16,3,23,11,7,7,12,7,11,3,10,149,78
630,dancing in the kitchen,LANY,0.5948666666666664,0.4155777777777777,0.4876444444444443,4,8,4,13,29,15,4,31,1,5,1,4,7,6,1,7,181,73
631,dear god,Nessa Barrett,0.6138205128205129,0.4562307692307692,0.5031538461538461,12,20,8,21,21,15,6,21,7,12,5,11,13,10,5,14,91,56
632,do all my friends hate me?,Mckenna Grace,0.58684375,0.41109375,0.47834374999999996,21,18,15,22,24,20,6,29,6,8,3,7,6,5,2,10,143,56
633,dropout,brakence,0.6100140845070422,0.4358169014084507,0.5034788732394365,17,25,8,8,26,14,11,27,10,16,6,6,18,9,7,19,230,124
634,drunk text me,Lexi Jayde,0.5877749999999999,0.5207499999999998,0.5228249999999999,6,18,7,17,24,38,10,21,4,8,5,5,9,11,4,9,159,66
635,everyone at this party,Camila Cabello,0.574675,0.42032500000000006,0.47235000000000005,2,6,3,5,3,4,2,6,2,6,3,4,3,3,2,5,108,62
636,falling,CHOISIES::Teqkoi::bobby someone,0.5694999999999999,0.40279999999999994,0.4575,13,8,10,14,8,30,12,8,3,1,3,4,1,4,2,1,91,16
637,family ties (with Kendrick Lamar),Baby Keem::Kendrick Lamar,0.572378881987578,0.4626086956521738,0.5130621118012422,41,35,30,43,36,36,12,43,19,19,11,20,18,16,9,27,487,308
638,favorite crime,Olivia Rodrigo,0.5745853658536587,0.4578536585365852,0.5060731707317072,14,12,5,14,16,13,7,20,9,8,5,12,10,11,5,12,94,60
639,for the girls,Hayley Kiyoko,0.6230425531914895,0.4736595744680852,0.5142340425531914,6,27,5,8,25,11,9,20,5,11,4,5,9,5,6,7,196,71
640,fragment,sadeyes,0.5655,0.48763636363636365,0.4899545454545455,8,18,8,14,30,20,14,30,2,5,2,4,5,5,3,5,92,29
641,girls girls girls,FLETCHER,0.5930399999999998,0.4196799999999999,0.48744,2,18,1,6,29,2,14,22,2,7,1,5,9,2,5,7,194,87
642,girls just wanna have sex,mazie,0.5959090909090909,0.466030303030303,0.5150909090909092,5,9,5,8,12,6,3,12,2,5,2,4,4,3,3,4,115,51
643,girls like me don't cry,thuy,0.5419032258064516,0.4344516129032258,0.45212903225806456,11,1,1,5,26,25,1,27,3,1,1,2,4,5,1,5,153,49
644,glimpse of us,emlyn,0.6440243902439023,0.43114634146341463,0.5225609756097562,5,13,3,7,9,9,8,9,3,8,3,5,6,7,5,6,119,57
645,how could you do this to me?,Maggie Lindemann::Kellin Quinn,0.6042285714285714,0.4449714285714286,0.49851428571428585,11,9,16,17,6,20,14,9,5,4,6,7,3,9,5,5,151,65
646,i can't breathe,Bea Miller,0.5692173913043478,0.42452173913043484,0.4992173913043478,4,7,3,6,4,5,4,5,3,5,2,5,2,4,3,3,50,31
647,i think i wanna text u,vaultboy,0.5665250000000002,0.4701000000000001,0.49135000000000006,8,11,7,10,9,10,9,15,5,4,4,6,5,6,5,7,126,59
648,i'm gonna tell my therapist on you,Pinkshift,0.46956000000000003,0.4756,0.43852000000000013,6,4,3,4,4,10,5,5,3,3,2,3,2,5,3,3,82,39
649,i'm sorry,Joshua Bassett,0.564325,0.45802499999999996,0.51345,8,9,8,9,7,17,3,10,3,7,3,7,5,7,2,8,153,69
650,if depression gets the best of me,Zevia,0.5325681818181819,0.4384318181818181,0.4437954545454545,13,16,7,15,15,26,11,16,6,8,3,8,7,14,6,9,132,73
651,justified,Kacey Musgraves,0.5892,0.5308285714285713,0.5045714285714287,11,24,12,16,18,21,15,25,6,10,7,7,7,11,5,8,113,50
652,laurel,BETWEEN FRIENDS,0.5621363636363637,0.401,0.4666363636363636,0,12,0,26,2,1,0,8,0,4,0,1,1,1,0,3,118,35
653,lonely isn't the word for this,Zach Hood,0.5419032258064516,0.4317096774193547,0.5078064516129033,23,13,13,15,9,15,3,18,5,6,3,5,4,5,2,6,137,58
654,lovebomb,Nessa Barrett,0.507258064516129,0.5238387096774193,0.516290322580645,10,5,3,8,10,7,3,9,8,3,3,5,4,6,2,4,106,52
655,please put me in a medically induced coma,carolesdaughter,0.5373863636363637,0.4646363636363635,0.48031818181818176,13,15,8,22,16,23,6,19,10,7,5,9,8,14,4,10,127,68
656,pogo,bbno$::Diplo,0.5652686567164179,0.4686716417910447,0.487268656716418,13,10,8,13,15,49,8,18,10,7,5,7,9,8,7,13,256,121
657,porcupine,Flatsound,0.5684390243902439,0.4478048780487805,0.4622926829268292,2,4,4,6,8,11,2,11,2,4,4,6,6,7,2,9,105,55
658,pushin P (feat. Young Thug),Gunna::Future::Young Thug,0.5686199999999999,0.4004,0.46926000000000007,2,3,5,5,3,6,5,8,1,3,4,4,3,5,4,7,213,105
659,rises the moon,Liana Flores,0.5739565217391304,0.39004347826086966,0.45113043478260867,3,11,2,6,14,7,1,8,3,7,2,6,8,7,1,5,85,61
660,rises the moon,Liana Flores,0.5739565217391304,0.39004347826086966,0.45113043478260867,3,11,2,6,14,7,1,8,3,7,2,6,8,7,1,5,85,61
661,rx,ROLE MODEL,0.5530869565217391,0.488391304347826,0.5135217391304349,5,5,5,6,4,6,3,6,4,4,4,5,3,5,2,5,76,41
662,sTraNgeRs,Bring Me The Horizon,0.5056530612244899,0.4922653061224492,0.46632653061224477,24,7,28,44,11,35,10,12,4,5,6,13,6,10,5,7,167,64
663,someone will love you better,Johnny Orlando,0.46733333333333327,0.5110277777777777,0.4684722222222223,11,20,6,18,22,30,19,22,7,6,4,10,6,11,6,6,144,63
664,squares,Cavetown,0.551090909090909,0.3795000000000001,0.48754545454545456,4,3,3,4,3,4,4,5,3,3,3,3,3,3,3,5,36,33
665,sun keeps on shining,almost monday,0.6017719298245612,0.4396842105263157,0.482736842105263,1,29,3,4,33,4,13,17,1,6,3,4,9,4,3,6,172,91
666,t r a n s p a r e n t s o u l feat. Travis Barker,WILLOW::Travis Barker,0.5489999999999999,0.48847058823529416,0.4801176470588235,6,5,6,6,13,6,4,17,5,4,6,5,5,6,3,8,120,57
667,"the older you get, the less you cry",LANY,0.5489555555555555,0.40704444444444454,0.45208888888888893,6,34,4,6,26,39,17,28,4,7,3,5,5,8,3,6,238,73
668,this body means nothing to me,Shrimp,0.518775,0.453325,0.5015749999999999,7,6,5,10,5,9,4,7,6,4,4,8,4,8,3,6,67,57
669,this is what sadness feels like,JVKE,0.5454146341463414,0.4594390243902441,0.46839024390243894,13,13,13,19,12,22,7,24,7,5,7,11,6,11,3,9,100,58
670,we fell in love in october,girl in red,0.5503333333333332,0.42680000000000007,0.4779333333333333,1,10,0,0,12,11,6,12,1,3,0,0,4,4,1,4,74,21
671,when we were young,Architects,0.5515714285714286,0.4617619047619049,0.4786904761904762,13,18,8,16,17,10,16,25,6,9,5,9,8,6,6,14,110,59
672,wish i loved you in the 90s,Tate McRae,0.5672926829268293,0.4798048780487805,0.5034146341463415,18,23,15,16,17,28,14,21,7,7,5,5,5,7,3,8,146,59
673,would you love me now?,Joshua Bassett,0.6292424242424243,0.39706060606060606,0.47645454545454546,1,16,1,10,21,24,18,25,1,2,1,4,5,4,2,7,168,60
674,"you’ve changed, i’ve changed",San Holo::Chet Porter,0.44375,0.3805,0.39012499999999994,5,0,3,27,0,3,3,2,2,0,1,2,0,1,1,1,68,15
